activity_id,viewer_id,movie_id,watch_date,watch_duration_mins,completion_rate,device_type
1,405,2,2025-04-12,81,0.61,mobile
2,363,4,2025-03-13,85,0.82,smart_tv
3,153,2,2025-02-12,78,0.59,smart_tv
4,564,9,2025-03-07,79,0.69,mobile
5,430,1,2025-04-29,78,0.66,smart_tv
6,20,9,2025-02-22,87,0.76,laptop
7,353,5,2025-04-23,88,0.9,laptop
8,327,4,2025-03-14,79,0.76,mobile
9,60,13,2025-03-08,89,0.75,laptop
10,164,11,2024-07-07,98,0.8,smart_tv
11,58,9,2025-04-12,74,0.64,smart_tv
12,398,9,2025-02-19,92,0.8,smart_tv
13,368,2,2025-04-24,81,0.61,mobile
14,582,10,2025-04-08,71,0.66,smart_tv
15,505,13,2025-03-26,90,0.76,laptop
16,58,2,2025-03-09,70,0.53,smart_tv
17,340,1,2025-02-09,81,0.69,smart_tv
18,332,3,2025-03-25,79,0.62,mobile
19,146,1,2025-03-23,87,0.74,laptop
20,406,15,2025-02-12,82,0.66,mobile
21,162,3,2025-04-18,83,0.65,tablet
22,576,9,2025-04-03,71,0.62,laptop
23,180,2,2025-03-28,81,0.61,laptop
24,182,11,2024-06-12,78,0.64,tablet
25,582,13,2024-11-16,89,0.75,smart_tv
26,227,9,2025-03-27,90,0.78,mobile
27,80,15,2024-11-14,76,0.61,laptop
28,91,15,2025-03-05,78,0.62,laptop
29,256,4,2025-02-22,81,0.78,laptop
30,2,2,2025-02-14,71,0.54,tablet
31,171,4,2025-04-07,85,0.82,tablet
32,385,13,2024-12-03,79,0.66,tablet
33,231,11,2024-07-23,87,0.71,tablet
34,302,1,2025-04-09,91,0.77,mobile
35,385,1,2025-04-03,73,0.62,mobile
36,495,3,2025-03-23,102,0.8,tablet
37,445,15,2024-10-25,78,0.62,mobile
38,195,1,2025-04-18,74,0.63,laptop
39,99,9,2025-01-11,75,0.65,tablet
40,158,8,2025-04-18,40,0.46,laptop
41,492,1,2025-04-01,71,0.6,smart_tv
42,84,2,2025-04-09,75,0.57,mobile
43,501,3,2025-04-07,85,0.67,mobile
44,380,9,2025-04-28,77,0.67,tablet
45,270,3,2025-04-19,86,0.68,tablet
46,578,2,2025-02-15,86,0.65,smart_tv
47,88,11,2024-11-30,89,0.73,laptop
48,233,12,2025-01-08,83,0.82,mobile
49,429,13,2025-03-25,90,0.76,tablet
50,307,8,2025-04-19,27,0.31,tablet
51,515,14,2024-09-24,39,0.43,smart_tv
52,178,1,2025-02-05,88,0.75,smart_tv
53,434,12,2024-09-09,76,0.75,tablet
54,152,2,2025-04-25,86,0.65,laptop
55,69,3,2025-03-27,94,0.74,tablet
56,283,8,2025-04-26,34,0.39,tablet
57,536,14,2024-08-16,22,0.25,mobile
58,597,4,2025-02-26,78,0.75,mobile
59,293,8,2025-04-26,25,0.28,laptop
60,498,13,2025-04-03,76,0.64,tablet
61,148,1,2025-03-07,76,0.64,mobile
62,244,4,2025-02-20,96,0.92,tablet
63,21,15,2024-12-10,98,0.78,laptop
64,101,3,2025-04-05,98,0.77,smart_tv
65,329,3,2025-04-08,94,0.74,tablet
66,453,9,2025-02-01,69,0.6,tablet
67,383,11,2024-06-26,92,0.75,smart_tv
68,414,1,2025-04-28,87,0.74,mobile
69,206,2,2025-02-15,87,0.66,smart_tv
70,370,1,2025-02-19,70,0.59,laptop
71,127,12,2025-02-10,85,0.84,mobile
72,457,2,2025-03-02,79,0.6,tablet
73,168,9,2025-04-22,76,0.66,laptop
74,292,11,2024-06-19,89,0.73,tablet
75,220,1,2025-02-12,91,0.77,smart_tv
76,21,2,2025-02-09,78,0.59,tablet
77,9,14,2024-06-27,37,0.41,laptop
78,282,9,2025-02-28,91,0.79,tablet
79,224,13,2025-03-07,81,0.68,laptop
80,407,10,2025-04-05,82,0.76,mobile
81,384,6,2025-04-09,40,0.42,laptop
82,66,3,2025-04-12,76,0.6,laptop
83,268,9,2025-03-29,89,0.77,laptop
84,247,2,2025-02-15,79,0.6,tablet
85,27,9,2025-03-29,84,0.73,tablet
86,429,15,2024-12-27,80,0.64,tablet
87,586,11,2024-07-30,87,0.71,laptop
88,548,11,2024-11-22,77,0.63,tablet
89,520,14,2024-07-16,38,0.42,smart_tv
90,186,13,2025-01-22,92,0.77,mobile
91,573,5,2025-04-29,87,0.89,smart_tv
92,92,15,2024-11-10,98,0.78,laptop
93,431,2,2025-03-22,87,0.66,laptop
94,121,2,2025-04-09,75,0.57,mobile
95,73,13,2025-03-08,84,0.71,smart_tv
96,391,6,2025-04-05,45,0.47,laptop
97,155,4,2025-03-03,96,0.92,smart_tv
98,469,3,2025-03-31,102,0.8,laptop
99,83,13,2025-03-12,74,0.62,laptop
100,60,9,2025-01-05,71,0.62,tablet
101,173,2,2025-04-22,84,0.64,smart_tv
102,91,5,2025-04-09,88,0.9,tablet
103,489,9,2025-02-23,77,0.67,mobile
104,383,1,2025-02-25,73,0.62,smart_tv
105,255,1,2025-04-29,68,0.58,laptop
106,516,3,2025-04-28,76,0.6,laptop
107,306,2,2025-03-17,86,0.65,tablet
108,346,11,2024-10-01,87,0.71,smart_tv
109,368,3,2025-04-03,99,0.78,smart_tv
110,414,15,2024-09-19,98,0.78,smart_tv
111,217,2,2025-02-10,90,0.68,smart_tv
112,39,1,2025-04-21,87,0.74,laptop
113,50,11,2024-11-28,88,0.72,mobile
114,119,9,2025-02-27,67,0.58,tablet
115,486,3,2025-03-31,89,0.7,smart_tv
116,309,10,2025-04-25,78,0.72,mobile
117,141,9,2025-02-27,74,0.64,mobile
118,290,6,2025-02-11,38,0.4,mobile
119,270,5,2025-04-21,84,0.86,smart_tv
120,165,3,2025-03-24,85,0.67,tablet
121,493,14,2024-07-24,38,0.42,smart_tv
122,114,1,2025-03-19,86,0.73,smart_tv
123,77,15,2024-10-10,94,0.75,laptop
124,304,9,2025-02-07,78,0.68,tablet
125,41,1,2025-03-02,90,0.76,laptop
126,47,4,2025-02-15,78,0.75,smart_tv
127,367,9,2025-04-29,71,0.62,tablet
128,96,15,2024-12-19,80,0.64,laptop
129,468,2,2025-03-14,77,0.58,tablet
130,432,10,2025-04-09,75,0.69,mobile
131,164,1,2025-04-30,87,0.74,tablet
132,186,12,2025-01-23,89,0.88,tablet
133,134,11,2024-10-13,87,0.71,tablet
134,48,1,2025-04-21,79,0.67,laptop
135,538,1,2025-03-29,91,0.77,smart_tv
136,347,15,2025-01-25,91,0.73,mobile
137,494,4,2025-03-30,93,0.89,tablet
138,56,1,2025-04-30,90,0.76,smart_tv
139,508,6,2025-02-18,35,0.37,mobile
140,339,11,2024-08-22,79,0.65,mobile
141,388,6,2025-03-20,37,0.39,smart_tv
142,587,1,2025-04-28,80,0.68,tablet
143,510,4,2025-02-16,78,0.75,mobile
144,563,4,2025-02-14,76,0.73,mobile
145,312,12,2024-12-28,95,0.94,smart_tv
146,350,9,2025-02-20,78,0.68,mobile
147,340,12,2025-01-10,92,0.91,tablet
148,464,10,2025-04-06,71,0.66,mobile
149,350,11,2024-09-10,77,0.63,laptop
150,109,7,2025-03-12,31,0.34,smart_tv
151,420,5,2025-04-08,89,0.91,laptop
152,403,9,2025-02-01,71,0.62,tablet
153,347,12,2024-09-16,77,0.76,tablet
154,127,1,2025-03-13,85,0.72,tablet
155,138,9,2025-03-09,91,0.79,mobile
156,444,7,2025-04-16,24,0.26,tablet
157,182,15,2025-03-11,94,0.75,smart_tv
158,397,11,2024-11-27,74,0.61,laptop
159,255,6,2025-03-04,33,0.35,tablet
160,464,15,2024-10-19,99,0.79,smart_tv
161,525,4,2025-03-24,92,0.88,laptop
162,223,10,2025-04-11,85,0.79,smart_tv
163,354,9,2025-04-01,74,0.64,smart_tv
164,183,15,2025-01-21,90,0.72,laptop
165,576,10,2025-04-29,81,0.75,tablet
166,547,10,2025-04-17,84,0.78,tablet
167,26,12,2024-11-25,85,0.84,smart_tv
168,274,1,2025-02-04,70,0.59,laptop
169,64,10,2025-04-17,66,0.61,smart_tv
170,464,11,2024-07-08,72,0.59,smart_tv
171,244,11,2024-10-20,85,0.7,laptop
172,391,10,2025-04-23,64,0.59,tablet
173,321,15,2025-02-03,99,0.79,mobile
174,454,1,2025-03-03,76,0.64,smart_tv
175,302,11,2024-10-04,96,0.79,smart_tv
176,178,15,2025-01-24,75,0.6,mobile
177,570,3,2025-04-07,85,0.67,smart_tv
178,6,1,2025-04-23,91,0.77,smart_tv
179,53,1,2025-02-22,92,0.78,tablet
180,75,11,2024-09-01,85,0.7,smart_tv
181,518,15,2024-10-25,86,0.69,tablet
182,358,7,2025-03-24,32,0.35,smart_tv
183,301,9,2025-02-01,75,0.65,tablet
184,10,15,2024-10-14,95,0.76,laptop
185,250,4,2025-02-19,97,0.93,laptop
186,117,3,2025-04-15,97,0.76,laptop
187,530,7,2025-04-28,29,0.32,laptop
188,499,6,2025-02-02,36,0.38,laptop
189,527,13,2024-11-29,74,0.62,mobile
190,551,2,2025-04-17,88,0.67,mobile
191,219,9,2025-04-25,72,0.63,tablet
192,446,12,2025-02-01,78,0.77,mobile
193,471,11,2024-09-04,74,0.61,mobile
194,258,1,2025-04-19,70,0.59,smart_tv
195,462,14,2024-10-09,31,0.35,tablet
196,122,4,2025-04-23,75,0.72,mobile
197,600,9,2025-01-10,83,0.72,mobile
198,297,3,2025-04-10,88,0.69,mobile
199,391,2,2025-03-30,88,0.67,mobile
200,140,5,2025-04-28,82,0.84,tablet
201,303,12,2025-01-29,93,0.92,smart_tv
202,383,3,2025-03-22,99,0.78,smart_tv
203,404,1,2025-04-03,68,0.58,laptop
204,353,2,2025-03-07,84,0.64,tablet
205,146,14,2024-06-11,41,0.46,smart_tv
206,199,2,2025-02-22,86,0.65,smart_tv
207,56,10,2025-04-28,76,0.7,mobile
208,101,2,2025-03-05,70,0.53,tablet
209,241,15,2024-10-10,82,0.66,laptop
210,326,9,2025-03-08,90,0.78,tablet
211,599,3,2025-03-31,93,0.73,laptop
212,173,12,2024-08-21,95,0.94,laptop
213,447,2,2025-03-15,74,0.56,laptop
214,492,1,2025-04-12,87,0.74,laptop
215,84,5,2025-04-13,74,0.75,smart_tv
216,79,13,2024-11-27,74,0.62,mobile
217,596,13,2025-04-05,86,0.72,tablet
218,38,11,2024-10-31,77,0.63,laptop
219,484,7,2025-04-20,46,0.5,smart_tv
220,298,3,2025-03-30,80,0.63,tablet
221,373,6,2025-04-02,26,0.27,mobile
222,170,9,2025-04-11,89,0.77,smart_tv
223,580,4,2025-03-04,79,0.76,tablet
224,500,15,2024-11-13,74,0.59,mobile
225,212,2,2025-04-15,74,0.56,laptop
226,48,4,2025-02-19,97,0.93,laptop
227,281,1,2025-02-17,93,0.79,smart_tv
228,80,3,2025-04-24,84,0.66,laptop
229,529,3,2025-04-16,99,0.78,laptop
230,494,12,2025-01-21,81,0.8,mobile
231,170,6,2025-02-26,27,0.28,mobile
232,154,6,2025-02-20,30,0.32,smart_tv
233,122,3,2025-04-05,94,0.74,tablet
234,494,12,2025-02-08,90,0.89,tablet
235,421,5,2025-04-05,84,0.86,smart_tv
236,165,1,2025-04-17,84,0.71,mobile
237,171,13,2025-01-13,73,0.61,smart_tv
238,578,6,2025-04-19,33,0.35,mobile
239,291,13,2024-11-29,88,0.74,smart_tv
240,494,4,2025-03-07,99,0.95,smart_tv
241,597,12,2024-10-05,87,0.86,laptop
242,465,2,2025-04-25,83,0.63,mobile
243,112,2,2025-02-10,77,0.58,smart_tv
244,430,6,2025-02-16,46,0.48,mobile
245,40,2,2025-04-17,87,0.66,mobile
246,553,1,2025-03-11,86,0.73,tablet
247,543,3,2025-04-18,75,0.59,smart_tv
248,391,15,2024-12-13,86,0.69,mobile
249,239,4,2025-02-24,81,0.78,laptop
250,264,9,2025-01-29,80,0.7,mobile
251,592,10,2025-04-06,81,0.75,mobile
252,324,3,2025-04-17,80,0.63,laptop
253,600,1,2025-04-28,79,0.67,tablet
254,407,8,2025-04-30,35,0.4,smart_tv
255,495,4,2025-03-08,94,0.9,laptop
256,315,8,2025-04-27,33,0.37,laptop
257,142,11,2024-11-27,82,0.67,mobile
258,166,11,2024-07-07,83,0.68,smart_tv
259,564,6,2025-04-16,43,0.45,mobile
260,6,1,2025-02-02,93,0.79,tablet
261,66,15,2024-11-21,85,0.68,smart_tv
262,394,3,2025-04-16,90,0.71,laptop
263,180,10,2025-04-30,77,0.71,tablet
264,531,1,2025-04-02,91,0.77,smart_tv
265,369,9,2025-02-04,84,0.73,mobile
266,283,15,2024-12-26,75,0.6,laptop
267,206,10,2025-03-30,72,0.67,mobile
268,573,15,2025-02-11,88,0.7,laptop
269,232,3,2025-04-29,97,0.76,smart_tv
270,5,5,2025-04-13,79,0.81,smart_tv
271,75,4,2025-04-19,77,0.74,laptop
272,526,3,2025-04-07,77,0.61,laptop
273,577,10,2025-04-29,85,0.79,smart_tv
274,470,11,2024-12-03,96,0.79,tablet
275,494,13,2024-12-07,92,0.77,laptop
276,226,1,2025-02-13,85,0.72,laptop
277,549,4,2025-02-15,83,0.8,laptop
278,351,2,2025-02-17,70,0.53,smart_tv
279,588,5,2025-04-13,78,0.8,smart_tv
280,195,15,2025-01-20,91,0.73,smart_tv
281,272,2,2025-03-06,74,0.56,smart_tv
282,365,2,2025-02-27,74,0.56,mobile
283,505,1,2025-03-25,71,0.6,mobile
284,323,13,2025-03-14,79,0.66,laptop
285,524,5,2025-04-13,93,0.95,tablet
286,56,2,2025-04-16,81,0.61,tablet
287,515,5,2025-04-16,82,0.84,tablet
288,469,13,2024-12-08,89,0.75,tablet
289,216,3,2025-04-15,74,0.58,mobile
290,266,3,2025-04-02,90,0.71,laptop
291,352,2,2025-03-26,79,0.6,smart_tv
292,382,5,2025-04-16,75,0.77,tablet
293,135,2,2025-04-22,73,0.55,smart_tv
294,242,12,2025-01-09,90,0.89,tablet
295,154,13,2025-03-09,74,0.62,mobile
296,530,2,2025-04-17,79,0.6,laptop
297,576,11,2024-11-04,79,0.65,mobile
298,62,4,2025-03-13,92,0.88,laptop
299,461,5,2025-04-28,84,0.86,laptop
300,571,2,2025-03-12,77,0.58,laptop
301,204,1,2025-04-21,72,0.61,smart_tv
302,333,15,2025-03-06,80,0.64,tablet
303,81,11,2024-09-17,83,0.68,laptop
304,172,5,2025-04-25,92,0.94,laptop
305,415,4,2025-02-23,89,0.86,mobile
306,325,1,2025-02-18,74,0.63,tablet
307,372,2,2025-04-24,78,0.59,tablet
308,24,4,2025-03-02,79,0.76,smart_tv
309,82,9,2025-01-31,91,0.79,smart_tv
310,485,4,2025-04-25,77,0.74,mobile
311,86,1,2025-04-20,79,0.67,smart_tv
312,400,1,2025-04-08,92,0.78,laptop
313,540,4,2025-03-07,78,0.75,mobile
314,334,1,2025-03-15,78,0.66,laptop
315,553,7,2025-03-21,26,0.28,tablet
316,578,9,2025-03-01,83,0.72,laptop
317,233,14,2024-05-23,33,0.37,tablet
318,160,3,2025-04-10,85,0.67,mobile
319,140,1,2025-04-16,90,0.76,mobile
320,489,10,2025-04-18,75,0.69,mobile
321,237,11,2024-06-13,93,0.76,laptop
322,448,2,2025-03-30,87,0.66,smart_tv
323,400,1,2025-02-12,87,0.74,laptop
324,530,1,2025-02-18,85,0.72,laptop
325,276,9,2025-02-26,80,0.7,smart_tv
326,297,13,2024-12-06,74,0.62,tablet
327,504,9,2025-01-29,74,0.64,laptop
328,548,1,2025-04-04,70,0.59,laptop
329,9,2,2025-03-09,83,0.63,mobile
330,351,1,2025-04-26,81,0.69,tablet
331,33,15,2024-12-08,85,0.68,mobile
332,58,13,2025-01-15,94,0.79,tablet
333,197,1,2025-02-16,80,0.68,tablet
334,255,12,2024-11-26,76,0.75,tablet
335,204,2,2025-04-07,90,0.68,mobile
336,485,6,2025-03-18,48,0.5,laptop
337,44,15,2025-02-02,76,0.61,mobile
338,204,2,2025-03-26,82,0.62,mobile
339,116,13,2025-01-07,75,0.63,tablet
340,283,3,2025-04-28,79,0.62,mobile
341,44,4,2025-04-29,81,0.78,tablet
342,92,10,2025-04-14,66,0.61,smart_tv
343,347,5,2025-04-29,86,0.88,mobile
344,550,1,2025-01-31,85,0.72,tablet
345,356,2,2025-04-05,90,0.68,smart_tv
346,138,1,2025-04-02,78,0.66,tablet
347,556,10,2025-04-30,76,0.7,smart_tv
348,332,8,2025-04-29,34,0.39,tablet
349,568,2,2025-02-28,86,0.65,mobile
350,270,7,2025-04-13,33,0.36,laptop
351,519,4,2025-04-03,94,0.9,smart_tv
352,373,13,2025-04-15,86,0.72,smart_tv
353,552,3,2025-04-15,75,0.59,smart_tv
354,565,6,2025-02-16,35,0.37,laptop
355,114,3,2025-03-28,91,0.72,mobile
356,183,1,2025-02-09,93,0.79,mobile
357,585,5,2025-04-25,73,0.74,tablet
358,263,9,2025-01-11,80,0.7,laptop
359,14,2,2025-03-06,83,0.63,tablet
360,480,15,2025-02-25,95,0.76,mobile
361,426,3,2025-04-14,94,0.74,mobile
362,42,12,2024-09-07,79,0.78,laptop
363,532,1,2025-04-24,74,0.63,smart_tv
364,539,7,2025-04-21,28,0.3,smart_tv
365,572,8,2025-04-29,43,0.49,tablet
366,591,11,2024-09-11,92,0.75,tablet
367,107,10,2025-04-09,72,0.67,smart_tv
368,162,7,2025-04-13,35,0.38,tablet
369,564,15,2024-12-07,98,0.78,laptop
370,332,4,2025-03-16,90,0.87,smart_tv
371,261,3,2025-04-14,89,0.7,tablet
372,36,4,2025-03-22,84,0.81,mobile
373,310,6,2025-01-28,48,0.5,laptop
374,323,15,2024-09-20,79,0.63,laptop
375,585,15,2025-02-08,86,0.69,smart_tv
376,160,1,2025-04-12,80,0.68,smart_tv
377,95,2,2025-04-22,86,0.65,tablet
378,80,8,2025-04-29,26,0.3,laptop
379,591,12,2024-09-13,77,0.76,laptop
380,391,1,2025-04-02,90,0.76,laptop
381,427,3,2025-03-29,97,0.76,smart_tv
382,12,11,2024-11-21,94,0.77,tablet
383,327,1,2025-04-05,83,0.7,laptop
384,52,6,2025-04-24,29,0.31,tablet
385,590,15,2025-01-22,94,0.75,mobile
386,404,2,2025-02-26,75,0.57,smart_tv
387,51,3,2025-04-26,86,0.68,tablet
388,445,2,2025-02-24,77,0.58,smart_tv
389,405,5,2025-04-25,75,0.77,smart_tv
390,537,8,2025-04-21,44,0.5,smart_tv
391,332,1,2025-03-29,88,0.75,mobile
392,375,1,2025-04-11,79,0.67,laptop
393,313,9,2025-01-26,68,0.59,laptop
394,453,9,2025-03-25,92,0.8,smart_tv
395,240,4,2025-03-11,97,0.93,laptop
396,88,1,2025-04-02,87,0.74,smart_tv
397,295,15,2024-09-18,98,0.78,laptop
398,461,10,2025-04-29,65,0.6,mobile
399,217,3,2025-04-04,94,0.74,laptop
400,145,7,2025-04-23,38,0.41,mobile
401,540,3,2025-03-24,99,0.78,laptop
402,278,2,2025-02-14,75,0.57,tablet
403,398,9,2025-03-30,67,0.58,laptop
404,369,9,2025-04-25,90,0.78,mobile
405,396,1,2025-04-13,91,0.77,mobile
406,545,14,2024-05-23,33,0.37,smart_tv
407,575,2,2025-02-10,88,0.67,mobile
408,342,2,2025-04-11,79,0.6,tablet
409,361,11,2024-09-10,71,0.58,laptop
410,514,2,2025-03-15,90,0.68,mobile
411,31,9,2025-03-17,89,0.77,laptop
412,403,2,2025-02-25,75,0.57,mobile
413,233,11,2024-09-26,84,0.69,smart_tv
414,320,9,2025-03-23,77,0.67,laptop
415,142,4,2025-04-29,78,0.75,smart_tv
416,537,13,2024-12-12,77,0.65,tablet
417,149,15,2025-03-01,99,0.79,smart_tv
418,122,3,2025-04-02,89,0.7,laptop
419,31,13,2025-01-28,73,0.61,tablet
420,281,15,2024-10-23,81,0.65,smart_tv
421,274,1,2025-02-13,73,0.62,smart_tv
422,82,2,2025-04-10,69,0.52,smart_tv
423,383,6,2025-02-20,38,0.4,tablet
424,198,5,2025-04-12,74,0.75,mobile
425,277,4,2025-04-07,98,0.94,smart_tv
426,210,11,2024-06-28,98,0.8,smart_tv
427,502,15,2025-03-10,100,0.8,laptop
428,438,13,2025-02-19,93,0.78,mobile
429,321,9,2025-02-24,87,0.76,mobile
430,44,6,2025-02-28,34,0.36,tablet
431,397,15,2025-01-25,74,0.59,mobile
432,312,2,2025-03-16,78,0.59,tablet
433,56,2,2025-04-15,75,0.57,smart_tv
434,93,5,2025-04-28,85,0.87,mobile
435,560,2,2025-02-25,81,0.61,tablet
436,184,4,2025-04-13,85,0.82,smart_tv
437,332,13,2025-04-23,71,0.6,smart_tv
438,117,11,2024-12-09,74,0.61,tablet
439,394,9,2025-04-08,69,0.6,smart_tv
440,175,3,2025-04-12,84,0.66,smart_tv
441,53,1,2025-04-10,72,0.61,tablet
442,135,2,2025-03-05,73,0.55,mobile
443,470,9,2025-03-09,74,0.64,tablet
444,506,7,2025-03-25,23,0.25,smart_tv
445,420,9,2025-03-02,78,0.68,mobile
446,561,9,2025-02-09,67,0.58,smart_tv
447,358,1,2025-04-28,72,0.61,mobile
448,306,10,2025-04-20,82,0.76,mobile
449,183,1,2025-04-10,79,0.67,smart_tv
450,369,15,2024-09-24,92,0.74,mobile
451,389,11,2024-06-29,79,0.65,tablet
452,483,13,2024-12-12,70,0.59,mobile
453,540,10,2025-04-25,69,0.64,smart_tv
454,112,10,2025-04-04,77,0.71,tablet
455,295,11,2024-09-29,87,0.71,laptop
456,363,2,2025-02-24,81,0.61,tablet
457,505,6,2025-02-20,39,0.41,smart_tv
458,2,10,2025-04-06,86,0.8,mobile
459,213,5,2025-04-30,88,0.9,tablet
460,574,4,2025-03-13,83,0.8,mobile
461,261,9,2025-04-16,84,0.73,mobile
462,332,3,2025-03-22,88,0.69,mobile
463,583,10,2025-03-31,71,0.66,smart_tv
464,491,2,2025-04-09,86,0.65,mobile
465,472,9,2025-04-29,79,0.69,laptop
466,58,5,2025-04-21,89,0.91,laptop
467,569,8,2025-04-26,37,0.42,mobile
468,363,2,2025-02-16,83,0.63,smart_tv
469,385,2,2025-04-29,69,0.52,smart_tv
470,120,8,2025-04-30,31,0.35,laptop
471,33,10,2025-04-16,70,0.65,tablet
472,381,1,2025-04-10,91,0.77,smart_tv
473,384,6,2025-02-01,28,0.29,smart_tv
474,26,14,2024-09-01,32,0.36,smart_tv
475,537,2,2025-03-19,88,0.67,laptop
476,529,1,2025-01-31,91,0.77,smart_tv
477,535,11,2024-07-11,83,0.68,mobile
478,90,3,2025-04-12,75,0.59,tablet
479,320,13,2024-11-13,71,0.6,laptop
480,206,9,2025-01-29,72,0.63,laptop
481,452,2,2025-02-23,75,0.57,laptop
482,16,1,2025-03-27,76,0.64,mobile
483,327,2,2025-03-14,77,0.58,smart_tv
484,588,15,2024-11-16,95,0.76,smart_tv
485,347,1,2025-04-02,84,0.71,smart_tv
486,52,1,2025-04-02,92,0.78,mobile
487,457,4,2025-03-31,79,0.76,laptop
488,547,3,2025-03-27,79,0.62,tablet
489,480,8,2025-04-19,24,0.27,tablet
490,477,3,2025-04-21,91,0.72,smart_tv
491,265,15,2024-12-17,76,0.61,tablet
492,339,2,2025-03-21,88,0.67,tablet
493,116,5,2025-04-16,73,0.74,tablet
494,357,5,2025-04-24,74,0.76,smart_tv
495,110,6,2025-03-10,33,0.35,mobile
496,411,12,2025-01-18,85,0.84,tablet
497,163,2,2025-04-10,74,0.56,tablet
498,442,1,2025-03-11,74,0.63,laptop
499,80,7,2025-04-26,29,0.31,tablet
500,334,1,2025-04-27,84,0.71,tablet
501,72,2,2025-04-25,88,0.67,mobile
502,389,10,2025-04-19,77,0.71,tablet
503,223,9,2025-04-19,68,0.59,smart_tv
504,1,13,2024-12-15,93,0.78,smart_tv
505,592,4,2025-04-12,82,0.79,smart_tv
506,307,2,2025-04-21,87,0.66,laptop
507,353,15,2024-10-07,99,0.79,mobile
508,131,9,2025-04-24,79,0.69,laptop
509,55,1,2025-04-18,92,0.78,laptop
510,32,1,2025-04-23,76,0.64,tablet
511,416,9,2025-02-22,85,0.74,tablet
512,487,7,2025-03-18,39,0.42,smart_tv
513,369,8,2025-04-24,40,0.46,smart_tv
514,129,2,2025-02-25,87,0.66,mobile
515,499,1,2025-02-01,68,0.58,mobile
516,467,1,2025-03-10,90,0.76,smart_tv
517,461,4,2025-04-04,85,0.82,laptop
518,8,2,2025-04-22,78,0.59,tablet
519,514,13,2025-01-15,75,0.63,tablet
520,35,15,2024-09-24,89,0.71,tablet
521,494,10,2025-04-04,65,0.6,smart_tv
522,287,11,2024-10-09,85,0.7,mobile
523,252,6,2025-03-29,38,0.4,mobile
524,594,10,2025-04-18,76,0.7,mobile
525,12,14,2024-08-29,34,0.38,tablet
526,340,6,2025-03-22,35,0.37,laptop
527,297,15,2024-10-27,95,0.76,mobile
528,312,10,2025-04-15,77,0.71,mobile
529,587,9,2025-01-11,82,0.71,laptop
530,294,12,2024-12-22,87,0.86,mobile
531,285,1,2025-04-20,71,0.6,laptop
532,115,2,2025-04-26,74,0.56,smart_tv
533,458,14,2024-08-03,39,0.43,smart_tv
534,497,2,2025-03-03,83,0.63,mobile
535,149,3,2025-04-29,76,0.6,smart_tv
536,423,13,2025-02-14,89,0.75,smart_tv
537,172,9,2025-01-31,85,0.74,laptop
538,119,1,2025-04-15,76,0.64,tablet
539,546,5,2025-04-12,81,0.83,tablet
540,269,10,2025-04-08,72,0.67,tablet
541,460,1,2025-04-11,92,0.78,mobile
542,363,1,2025-03-11,83,0.7,laptop
543,101,3,2025-04-07,81,0.64,tablet
544,248,5,2025-04-28,86,0.88,smart_tv
545,185,6,2025-03-09,40,0.42,mobile
546,13,10,2025-04-25,82,0.76,mobile
547,360,6,2025-02-25,40,0.42,laptop
548,95,2,2025-02-15,70,0.53,smart_tv
549,123,15,2024-10-07,90,0.72,smart_tv
550,580,3,2025-04-02,95,0.75,mobile
551,479,10,2025-04-03,69,0.64,tablet
552,438,15,2025-03-11,80,0.64,laptop
553,284,2,2025-02-15,84,0.64,tablet
554,265,4,2025-03-19,99,0.95,smart_tv
555,206,4,2025-04-05,86,0.83,smart_tv
556,554,9,2025-04-13,69,0.6,tablet
557,453,2,2025-03-13,82,0.62,mobile
558,257,1,2025-01-17,71,0.6,tablet
559,39,1,2025-02-18,85,0.72,smart_tv
560,589,10,2025-03-30,84,0.78,tablet
561,72,5,2025-04-22,79,0.81,smart_tv
562,494,1,2025-04-18,93,0.79,laptop
563,57,3,2025-03-27,83,0.65,laptop
564,83,7,2025-04-08,45,0.49,laptop
565,41,9,2025-02-23,71,0.62,smart_tv
566,110,3,2025-04-13,85,0.67,tablet
567,195,1,2025-04-07,85,0.72,mobile
568,501,11,2024-09-19,87,0.71,mobile
569,512,12,2025-01-03,88,0.87,tablet
570,348,15,2024-09-29,72,0.58,laptop
571,122,11,2024-08-05,72,0.59,tablet
572,550,15,2024-10-23,96,0.77,smart_tv
573,145,15,2025-01-18,74,0.59,mobile
574,47,5,2025-04-12,91,0.93,smart_tv
575,315,1,2025-01-27,85,0.72,tablet
576,66,9,2025-04-19,87,0.76,mobile
577,226,1,2025-04-07,84,0.71,tablet
578,412,3,2025-04-11,97,0.76,mobile
579,141,15,2024-12-06,89,0.71,smart_tv
580,344,11,2024-06-28,87,0.71,mobile
581,173,2,2025-03-27,84,0.64,smart_tv
582,42,4,2025-03-03,97,0.93,mobile
583,386,12,2024-09-29,88,0.87,mobile
584,8,13,2024-12-23,71,0.6,mobile
585,291,10,2025-04-25,77,0.71,tablet
586,278,10,2025-04-27,68,0.63,tablet
587,39,2,2025-04-25,73,0.55,smart_tv
588,91,10,2025-04-18,77,0.71,laptop
589,197,4,2025-03-01,88,0.85,mobile
590,553,9,2025-03-10,89,0.77,smart_tv
591,214,5,2025-04-13,84,0.86,mobile
592,486,2,2025-04-12,86,0.65,smart_tv
593,56,1,2025-02-20,92,0.78,smart_tv
594,465,4,2025-02-19,83,0.8,mobile
595,181,11,2024-07-22,95,0.78,mobile
596,241,5,2025-04-28,74,0.75,tablet
597,204,9,2025-04-10,75,0.65,laptop
598,234,2,2025-02-20,71,0.54,smart_tv
599,385,11,2024-08-07,94,0.77,mobile
600,447,5,2025-04-09,81,0.83,smart_tv
601,397,15,2024-12-19,85,0.68,smart_tv
602,368,5,2025-04-13,74,0.76,smart_tv
603,583,3,2025-03-25,75,0.59,laptop
604,470,1,2025-04-25,91,0.77,laptop
605,161,2,2025-04-30,75,0.57,smart_tv
606,236,9,2025-01-16,80,0.7,tablet
607,222,13,2025-04-08,82,0.69,tablet
608,439,13,2025-01-10,76,0.64,smart_tv
609,153,3,2025-04-27,90,0.71,mobile
610,482,4,2025-04-19,76,0.73,mobile
611,101,4,2025-04-12,84,0.81,tablet
612,13,2,2025-04-01,81,0.61,smart_tv
613,93,1,2025-04-22,77,0.65,laptop
614,585,1,2025-01-18,80,0.68,tablet
615,416,5,2025-04-10,74,0.75,laptop
616,2,9,2025-04-25,84,0.73,mobile
617,544,4,2025-02-18,92,0.88,laptop
618,556,4,2025-04-28,81,0.78,smart_tv
619,344,11,2024-06-26,73,0.6,laptop
620,375,13,2025-03-07,71,0.6,mobile
621,573,3,2025-03-26,79,0.62,smart_tv
622,553,1,2025-04-16,77,0.65,smart_tv
623,329,11,2024-09-10,92,0.75,laptop
624,56,6,2025-02-05,34,0.36,laptop
625,540,3,2025-03-29,88,0.69,tablet
626,546,10,2025-04-17,79,0.73,tablet
627,68,9,2025-01-29,87,0.76,tablet
628,184,1,2025-04-03,79,0.67,mobile
629,152,2,2025-04-12,71,0.54,smart_tv
630,24,13,2025-01-22,82,0.69,tablet
631,136,15,2025-01-14,88,0.7,laptop
632,22,4,2025-03-23,93,0.89,smart_tv
633,238,1,2025-03-22,91,0.77,laptop
634,335,4,2025-04-17,83,0.8,tablet
635,314,5,2025-04-10,83,0.85,laptop
636,296,2,2025-02-14,77,0.58,smart_tv
637,171,3,2025-04-30,86,0.68,smart_tv
638,180,10,2025-04-08,69,0.64,smart_tv
639,325,2,2025-04-22,70,0.53,smart_tv
640,211,4,2025-04-26,84,0.81,mobile
641,152,10,2025-04-22,86,0.8,tablet
642,309,7,2025-03-17,27,0.29,mobile
643,149,4,2025-04-13,86,0.83,laptop
644,560,1,2025-02-26,93,0.79,laptop
645,588,5,2025-04-26,77,0.79,smart_tv
646,453,12,2024-11-14,90,0.89,mobile
647,143,11,2024-12-02,95,0.78,mobile
648,226,3,2025-04-19,85,0.67,laptop
649,200,1,2025-04-08,70,0.59,laptop
650,457,2,2025-02-19,70,0.53,tablet
651,524,2,2025-02-15,75,0.57,laptop
652,438,4,2025-04-02,92,0.88,tablet
653,360,3,2025-04-10,81,0.64,tablet
654,455,13,2025-02-22,71,0.6,tablet
655,435,2,2025-04-02,86,0.65,smart_tv
656,148,12,2024-10-12,87,0.86,laptop
657,344,5,2025-04-07,90,0.92,tablet
658,280,1,2025-04-18,79,0.67,tablet
659,141,10,2025-04-11,81,0.75,smart_tv
660,503,12,2024-08-30,80,0.79,laptop
661,573,12,2024-12-16,80,0.79,smart_tv
662,269,1,2025-04-21,68,0.58,tablet
663,295,1,2025-04-16,86,0.73,smart_tv
664,505,1,2025-01-23,88,0.75,laptop
665,265,9,2025-03-26,80,0.7,tablet
666,383,15,2025-01-24,95,0.76,mobile
667,60,13,2024-12-15,74,0.62,laptop
668,366,5,2025-04-10,86,0.88,mobile
669,365,2,2025-02-14,78,0.59,laptop
670,79,3,2025-04-23,91,0.72,smart_tv
671,97,11,2024-11-12,76,0.62,smart_tv
672,309,7,2025-03-27,43,0.47,laptop
673,148,1,2025-04-17,84,0.71,laptop
674,349,3,2025-04-01,88,0.69,mobile
675,193,2,2025-04-20,79,0.6,mobile
676,120,4,2025-03-02,97,0.93,mobile
677,372,5,2025-04-09,77,0.79,tablet
678,351,13,2024-12-22,84,0.71,laptop
679,228,1,2025-04-23,90,0.76,smart_tv
680,215,10,2025-04-07,70,0.65,mobile
681,115,4,2025-02-23,94,0.9,mobile
682,44,11,2024-08-01,92,0.75,mobile
683,61,1,2025-04-30,86,0.73,laptop
684,11,1,2025-01-30,77,0.65,smart_tv
685,360,9,2025-01-08,71,0.62,mobile
686,285,1,2025-02-28,87,0.74,laptop
687,248,1,2025-04-03,81,0.69,mobile
688,542,12,2024-10-14,91,0.9,smart_tv
689,551,15,2024-09-16,78,0.62,mobile
690,487,15,2024-12-17,98,0.78,smart_tv
691,186,4,2025-03-31,98,0.94,tablet
692,418,4,2025-02-28,87,0.84,laptop
693,140,1,2025-04-12,71,0.6,laptop
694,336,8,2025-04-25,23,0.26,mobile
695,320,4,2025-04-11,86,0.83,smart_tv
696,439,7,2025-03-22,29,0.32,mobile
697,377,13,2024-12-23,90,0.76,mobile
698,108,15,2024-12-25,86,0.69,tablet
699,123,6,2025-02-15,40,0.42,tablet
700,105,4,2025-03-07,89,0.86,mobile
701,206,3,2025-04-29,79,0.62,tablet
702,512,1,2025-04-23,90,0.76,laptop
703,410,11,2024-09-11,93,0.76,tablet
704,497,10,2025-04-16,85,0.79,smart_tv
705,257,11,2024-10-15,73,0.6,tablet
706,31,2,2025-02-20,88,0.67,mobile
707,28,12,2024-10-04,84,0.83,tablet
708,311,9,2025-03-25,75,0.65,mobile
709,533,11,2024-10-16,89,0.73,tablet
710,503,2,2025-04-13,83,0.63,laptop
711,554,7,2025-04-13,41,0.45,mobile
712,441,15,2024-10-15,74,0.59,tablet
713,454,4,2025-04-13,96,0.92,mobile
714,311,1,2025-02-05,83,0.7,tablet
715,399,4,2025-04-17,82,0.79,mobile
716,568,8,2025-04-28,33,0.37,tablet
717,519,5,2025-04-06,90,0.92,tablet
718,387,2,2025-04-27,81,0.61,laptop
719,63,11,2024-06-19,78,0.64,mobile
720,598,1,2025-04-29,78,0.66,laptop
721,366,3,2025-04-17,85,0.67,laptop
722,241,1,2025-03-31,74,0.63,mobile
723,313,14,2024-05-30,24,0.27,laptop
724,39,2,2025-04-07,81,0.61,tablet
725,274,8,2025-04-18,42,0.48,tablet
726,387,9,2025-03-19,92,0.8,tablet
727,501,3,2025-03-28,76,0.6,smart_tv
728,348,3,2025-04-01,88,0.69,laptop
729,509,3,2025-03-26,86,0.68,smart_tv
730,588,2,2025-03-31,70,0.53,smart_tv
731,593,9,2025-01-17,91,0.79,laptop
732,544,2,2025-04-09,81,0.61,tablet
733,310,2,2025-04-13,86,0.65,laptop
734,205,4,2025-04-08,87,0.84,tablet
735,561,2,2025-03-03,79,0.6,mobile
736,192,9,2025-03-19,79,0.69,tablet
737,479,2,2025-03-14,88,0.67,tablet
738,62,15,2025-01-26,92,0.74,smart_tv
739,155,3,2025-04-10,77,0.61,tablet
740,66,4,2025-03-12,96,0.92,tablet
741,165,2,2025-03-12,75,0.57,smart_tv
742,197,4,2025-02-17,78,0.75,smart_tv
743,498,12,2025-01-10,80,0.79,tablet
744,207,4,2025-03-06,97,0.93,laptop
745,285,1,2025-02-06,76,0.64,mobile
746,21,15,2024-09-29,86,0.69,mobile
747,66,3,2025-04-17,83,0.65,laptop
748,407,10,2025-04-07,83,0.77,smart_tv
749,124,1,2025-04-27,87,0.74,laptop
750,126,5,2025-04-29,73,0.74,laptop
751,400,3,2025-04-06,90,0.71,tablet
752,220,2,2025-03-15,71,0.54,tablet
753,58,4,2025-04-17,96,0.92,laptop
754,559,10,2025-04-26,65,0.6,tablet
755,149,10,2025-04-22,85,0.79,tablet
756,22,10,2025-04-01,82,0.76,mobile
757,246,10,2025-04-15,81,0.75,tablet
758,372,3,2025-03-29,100,0.79,smart_tv
759,403,13,2025-01-12,80,0.67,laptop
760,242,1,2025-04-28,90,0.76,smart_tv
761,417,14,2024-05-09,37,0.41,laptop
762,504,13,2025-03-08,90,0.76,tablet
763,433,15,2024-10-10,81,0.65,smart_tv
764,361,10,2025-04-25,75,0.69,laptop
765,54,4,2025-03-09,76,0.73,tablet
766,411,12,2024-10-10,76,0.75,laptop
767,162,3,2025-04-06,76,0.6,smart_tv
768,328,13,2025-03-03,87,0.73,tablet
769,178,13,2025-04-08,73,0.61,laptop
770,425,12,2024-11-22,78,0.77,smart_tv
771,585,4,2025-03-14,84,0.81,mobile
772,235,15,2024-10-07,98,0.78,tablet
773,173,2,2025-02-14,83,0.63,tablet
774,153,9,2025-01-16,82,0.71,laptop
775,15,2,2025-04-16,81,0.61,tablet
776,507,11,2024-07-12,95,0.78,smart_tv
777,273,10,2025-04-17,67,0.62,tablet
778,212,4,2025-03-13,85,0.82,laptop
779,185,11,2024-09-24,76,0.62,smart_tv
780,242,1,2025-02-15,93,0.79,laptop
781,88,9,2025-01-06,83,0.72,tablet
782,408,1,2025-03-05,77,0.65,tablet
783,98,11,2024-11-01,78,0.64,mobile
784,483,1,2025-01-20,92,0.78,mobile
785,310,2,2025-03-30,82,0.62,laptop
786,43,1,2025-04-09,92,0.78,smart_tv
787,480,6,2025-02-13,46,0.48,mobile
788,146,3,2025-04-07,89,0.7,mobile
789,512,3,2025-04-08,102,0.8,laptop
790,270,15,2025-02-18,80,0.64,laptop
791,169,6,2025-03-09,34,0.36,tablet
792,451,11,2024-06-25,74,0.61,smart_tv
793,37,1,2025-04-06,74,0.63,tablet
794,507,4,2025-02-19,99,0.95,tablet
795,497,3,2025-04-20,94,0.74,tablet
796,152,1,2025-04-03,87,0.74,smart_tv
797,173,13,2025-03-18,74,0.62,laptop
798,218,8,2025-04-27,37,0.42,mobile
799,427,6,2025-02-06,37,0.39,smart_tv
800,337,11,2024-06-18,89,0.73,laptop
801,404,10,2025-04-22,79,0.73,mobile
802,84,13,2025-03-05,73,0.61,tablet
803,6,4,2025-03-28,98,0.94,mobile
804,333,9,2025-04-08,91,0.79,smart_tv
805,290,2,2025-03-21,70,0.53,mobile
806,391,11,2024-07-05,85,0.7,tablet
807,409,2,2025-02-19,74,0.56,mobile
808,413,13,2025-01-19,74,0.62,smart_tv
809,443,1,2025-02-23,81,0.69,smart_tv
810,377,3,2025-04-23,76,0.6,smart_tv
811,488,5,2025-04-13,90,0.92,tablet
812,378,1,2025-03-11,79,0.67,tablet
813,475,1,2025-02-03,81,0.69,tablet
814,86,7,2025-03-28,38,0.41,tablet
815,490,4,2025-03-24,97,0.93,smart_tv
816,308,15,2024-11-17,91,0.73,tablet
817,79,3,2025-03-24,75,0.59,mobile
818,476,6,2025-04-22,33,0.35,laptop
819,516,3,2025-03-23,90,0.71,mobile
820,187,11,2024-09-20,83,0.68,mobile
821,305,1,2025-04-24,91,0.77,tablet
822,272,11,2024-09-07,83,0.68,smart_tv
823,266,2,2025-02-21,70,0.53,tablet
824,120,7,2025-03-10,23,0.25,smart_tv
825,415,9,2025-04-26,78,0.68,tablet
826,370,3,2025-04-16,97,0.76,laptop
827,196,1,2025-04-01,72,0.61,smart_tv
828,149,13,2025-04-23,75,0.63,smart_tv
829,552,4,2025-03-10,89,0.86,mobile
830,486,3,2025-04-18,86,0.68,mobile
831,456,1,2025-03-16,92,0.78,mobile
832,207,13,2025-01-22,84,0.71,tablet
833,443,1,2025-03-19,68,0.58,laptop
834,526,1,2025-04-20,79,0.67,tablet
835,20,2,2025-04-03,70,0.53,laptop
836,428,7,2025-04-09,29,0.32,mobile
837,356,5,2025-04-19,92,0.94,tablet
838,197,1,2025-04-15,76,0.64,smart_tv
839,348,6,2025-04-15,38,0.4,tablet
840,400,1,2025-03-02,76,0.64,tablet
841,213,12,2024-10-31,92,0.91,mobile
842,205,10,2025-04-09,66,0.61,tablet
843,506,1,2025-04-07,79,0.67,mobile
844,268,15,2024-12-15,82,0.66,smart_tv
845,516,2,2025-02-12,87,0.66,mobile
846,233,3,2025-03-29,77,0.61,smart_tv
847,364,5,2025-04-29,93,0.95,mobile
848,155,11,2024-12-05,85,0.7,mobile
849,449,10,2025-04-28,84,0.78,mobile
850,105,15,2025-02-05,94,0.75,mobile
851,121,6,2025-02-23,28,0.29,laptop
852,453,1,2025-03-19,76,0.64,mobile
853,142,1,2025-04-07,78,0.66,tablet
854,7,15,2024-11-16,94,0.75,tablet
855,88,3,2025-04-08,88,0.69,laptop
856,252,10,2025-04-08,72,0.67,tablet
857,440,11,2024-09-25,74,0.61,tablet
858,529,13,2025-02-08,94,0.79,mobile
859,530,4,2025-02-22,94,0.9,mobile
860,169,3,2025-04-18,85,0.67,mobile
861,155,4,2025-04-28,76,0.73,mobile
862,533,15,2024-11-29,100,0.8,tablet
863,567,4,2025-03-24,92,0.88,laptop
864,287,14,2024-09-13,22,0.25,smart_tv
865,211,10,2025-04-27,73,0.68,laptop
866,415,13,2024-12-28,89,0.75,laptop
867,400,1,2025-01-31,83,0.7,laptop
868,320,2,2025-04-15,79,0.6,laptop
869,29,11,2024-10-28,76,0.62,laptop
870,433,2,2025-04-13,84,0.64,mobile
871,266,11,2024-11-19,94,0.77,laptop
872,128,1,2025-04-19,88,0.75,mobile
873,596,4,2025-04-27,99,0.95,smart_tv
874,587,3,2025-03-30,81,0.64,tablet
875,336,6,2025-04-04,29,0.31,smart_tv
876,101,12,2024-09-26,81,0.8,tablet
877,64,12,2024-12-06,75,0.74,smart_tv
878,379,5,2025-04-26,80,0.82,tablet
879,405,9,2025-04-26,79,0.69,laptop
880,451,9,2025-04-03,83,0.72,tablet
881,167,11,2024-07-18,82,0.67,smart_tv
882,526,5,2025-04-21,81,0.83,mobile
883,34,10,2025-04-09,73,0.68,laptop
884,419,15,2024-10-13,76,0.61,mobile
885,536,3,2025-03-31,81,0.64,mobile
886,311,3,2025-04-09,102,0.8,tablet
887,432,1,2025-04-29,72,0.61,laptop
888,501,13,2024-11-08,75,0.63,mobile
889,46,7,2025-04-05,25,0.27,tablet
890,346,9,2025-04-15,80,0.7,tablet
891,136,5,2025-04-29,87,0.89,smart_tv
892,461,6,2025-04-23,35,0.37,tablet
893,92,1,2025-03-08,87,0.74,tablet
894,554,2,2025-02-13,77,0.58,tablet
895,170,11,2024-06-18,88,0.72,laptop
896,573,8,2025-04-19,25,0.28,smart_tv
897,55,15,2025-02-07,88,0.7,smart_tv
898,20,11,2024-07-12,84,0.69,smart_tv
899,211,15,2024-11-16,80,0.64,tablet
900,329,1,2025-04-02,83,0.7,tablet
901,448,13,2024-12-24,70,0.59,tablet
902,392,1,2025-04-04,83,0.7,mobile
903,188,7,2025-03-26,29,0.32,mobile
904,174,1,2025-04-11,93,0.79,smart_tv
905,400,1,2025-04-05,70,0.59,tablet
906,124,13,2024-11-21,76,0.64,smart_tv
907,243,2,2025-04-12,82,0.62,tablet
908,326,15,2025-01-11,80,0.64,tablet
909,240,1,2025-01-17,70,0.59,laptop
910,104,7,2025-03-25,37,0.4,smart_tv
911,86,3,2025-04-23,85,0.67,smart_tv
912,554,11,2024-07-25,74,0.61,smart_tv
913,569,7,2025-04-07,33,0.36,mobile
914,297,1,2025-02-05,80,0.68,mobile
915,280,1,2025-04-27,92,0.78,tablet
916,218,15,2025-02-11,96,0.77,laptop
917,577,1,2025-04-03,87,0.74,tablet
918,570,10,2025-04-16,82,0.76,tablet
919,326,2,2025-03-23,79,0.6,laptop
920,280,15,2024-11-16,92,0.74,laptop
921,337,3,2025-03-23,86,0.68,smart_tv
922,488,9,2025-01-05,67,0.58,mobile
923,501,10,2025-04-24,72,0.67,mobile
924,80,11,2024-10-27,88,0.72,mobile
925,456,13,2025-04-29,90,0.76,mobile
926,367,3,2025-04-15,97,0.76,smart_tv
927,9,13,2024-12-09,90,0.76,tablet
928,10,3,2025-04-05,79,0.62,mobile
929,367,11,2024-07-31,89,0.73,mobile
930,227,12,2024-10-18,87,0.86,tablet
931,505,15,2025-03-14,74,0.59,smart_tv
932,406,1,2025-04-09,94,0.8,tablet
933,580,2,2025-04-26,73,0.55,smart_tv
934,67,1,2025-04-30,72,0.61,smart_tv
935,281,13,2024-12-27,88,0.74,mobile
936,546,15,2025-02-19,91,0.73,laptop
937,3,10,2025-04-26,83,0.77,mobile
938,417,13,2025-01-17,77,0.65,mobile
939,371,10,2025-04-01,73,0.68,smart_tv
940,546,1,2025-04-01,92,0.78,tablet
941,586,2,2025-02-11,70,0.53,smart_tv
942,77,15,2024-11-17,84,0.67,smart_tv
943,100,2,2025-02-11,75,0.57,tablet
944,343,4,2025-03-18,76,0.73,smart_tv
945,349,1,2025-02-26,74,0.63,smart_tv
946,450,15,2024-10-09,94,0.75,tablet
947,63,9,2025-01-09,69,0.6,tablet
948,67,3,2025-03-30,98,0.77,mobile
949,309,15,2025-02-18,85,0.68,tablet
950,573,1,2025-04-28,86,0.73,tablet
951,421,4,2025-03-15,89,0.86,mobile
952,439,4,2025-02-26,86,0.83,laptop
953,27,9,2025-03-04,84,0.73,laptop
954,13,9,2025-03-22,69,0.6,mobile
955,587,9,2025-01-21,87,0.76,laptop
956,456,3,2025-04-02,88,0.69,smart_tv
957,131,1,2025-04-14,70,0.59,laptop
958,150,3,2025-03-31,98,0.77,tablet
959,378,3,2025-03-22,84,0.66,smart_tv
960,573,1,2025-03-10,81,0.69,laptop
961,207,2,2025-02-16,73,0.55,laptop
962,479,2,2025-04-25,79,0.6,laptop
963,344,13,2025-04-14,83,0.7,laptop
964,466,4,2025-02-19,79,0.76,tablet
965,229,2,2025-03-09,69,0.52,tablet
966,340,9,2025-04-18,72,0.63,tablet
967,7,2,2025-03-26,73,0.55,mobile
968,118,1,2025-04-15,70,0.59,smart_tv
969,369,9,2025-01-10,90,0.78,mobile
970,225,2,2025-03-13,75,0.57,smart_tv
971,183,3,2025-04-03,89,0.7,mobile
972,104,2,2025-02-10,74,0.56,smart_tv
973,114,3,2025-04-12,95,0.75,smart_tv
974,382,3,2025-04-01,80,0.63,tablet
975,148,13,2024-12-11,70,0.59,smart_tv
976,384,2,2025-03-20,77,0.58,tablet
977,48,15,2025-02-19,79,0.63,smart_tv
978,153,13,2025-01-30,76,0.64,smart_tv
979,130,1,2025-03-30,90,0.76,tablet
980,482,2,2025-04-27,70,0.53,mobile
981,522,2,2025-03-27,77,0.58,tablet
982,383,6,2025-04-05,28,0.29,tablet
983,275,10,2025-04-24,75,0.69,mobile
984,463,2,2025-03-10,87,0.66,tablet
985,387,2,2025-04-22,78,0.59,smart_tv
986,564,15,2024-10-06,82,0.66,smart_tv
987,532,11,2024-09-10,78,0.64,smart_tv
988,345,9,2025-02-28,78,0.68,tablet
989,510,5,2025-04-15,79,0.81,laptop
990,240,4,2025-03-19,79,0.76,mobile
991,514,3,2025-04-23,76,0.6,mobile
992,101,11,2024-07-12,95,0.78,mobile
993,342,3,2025-04-03,89,0.7,laptop
994,282,2,2025-03-04,84,0.64,smart_tv
995,557,15,2024-11-20,94,0.75,mobile
996,355,11,2024-09-23,78,0.64,tablet
997,13,12,2024-12-18,90,0.89,smart_tv
998,215,13,2025-03-09,75,0.63,smart_tv
999,480,6,2025-04-30,43,0.45,tablet
1000,193,3,2025-04-18,76,0.6,tablet
1001,572,2,2025-02-11,78,0.59,laptop
1002,313,1,2025-01-16,91,0.77,tablet
1003,348,12,2024-10-16,92,0.91,tablet
1004,551,4,2025-03-24,93,0.89,laptop
1005,33,9,2025-01-22,80,0.7,smart_tv
1006,582,15,2025-02-23,100,0.8,tablet
1007,401,15,2024-10-01,78,0.62,tablet
1008,584,2,2025-04-06,71,0.54,laptop
1009,567,1,2025-04-27,71,0.6,tablet
1010,396,1,2025-04-08,73,0.62,laptop
1011,59,9,2025-02-21,69,0.6,mobile
1012,421,2,2025-03-30,87,0.66,smart_tv
1013,429,15,2025-01-15,76,0.61,mobile
1014,212,4,2025-03-02,97,0.93,smart_tv
1015,487,3,2025-04-01,97,0.76,laptop
1016,470,9,2025-02-09,79,0.69,smart_tv
1017,66,1,2025-02-15,72,0.61,laptop
1018,472,14,2024-08-27,42,0.47,mobile
1019,468,11,2024-09-08,78,0.64,laptop
1020,180,4,2025-04-08,95,0.91,smart_tv
1021,443,2,2025-04-07,82,0.62,tablet
1022,583,14,2024-05-25,27,0.3,tablet
1023,162,10,2025-04-16,64,0.59,laptop
1024,223,10,2025-04-30,64,0.59,tablet
1025,378,15,2024-10-04,88,0.7,mobile
1026,420,6,2025-03-26,42,0.44,smart_tv
1027,474,2,2025-02-11,79,0.6,mobile
1028,473,9,2025-02-22,84,0.73,laptop
1029,407,11,2024-06-21,94,0.77,mobile
1030,140,2,2025-03-21,83,0.63,tablet
1031,562,5,2025-04-26,73,0.74,smart_tv
1032,483,10,2025-04-16,73,0.68,smart_tv
1033,103,2,2025-03-02,69,0.52,laptop
1034,173,1,2025-04-25,87,0.74,mobile
1035,367,10,2025-04-10,66,0.61,smart_tv
1036,546,10,2025-04-12,84,0.78,tablet
1037,536,10,2025-04-05,82,0.76,tablet
1038,5,10,2025-04-02,73,0.68,tablet
1039,384,11,2024-08-12,95,0.78,smart_tv
1040,15,1,2025-04-07,79,0.67,mobile
1041,172,2,2025-03-01,87,0.66,mobile
1042,335,4,2025-03-27,77,0.74,smart_tv
1043,405,9,2025-02-28,91,0.79,mobile
1044,332,2,2025-03-02,71,0.54,mobile
1045,399,4,2025-03-13,82,0.79,tablet
1046,286,2,2025-04-28,83,0.63,laptop
1047,421,1,2025-04-20,91,0.77,tablet
1048,550,15,2025-02-07,75,0.6,smart_tv
1049,333,2,2025-04-29,71,0.54,tablet
1050,137,10,2025-04-20,85,0.79,smart_tv
1051,326,9,2025-04-23,89,0.77,tablet
1052,600,1,2025-04-17,68,0.58,smart_tv
1053,14,6,2025-02-26,41,0.43,mobile
1054,317,9,2025-02-04,90,0.78,tablet
1055,62,11,2024-07-17,88,0.72,laptop
1056,385,5,2025-04-11,75,0.77,mobile
1057,455,2,2025-03-22,84,0.64,smart_tv
1058,41,2,2025-04-15,82,0.62,tablet
1059,25,9,2025-02-03,74,0.64,laptop
1060,56,3,2025-04-06,80,0.63,smart_tv
1061,330,9,2025-01-28,76,0.66,tablet
1062,504,9,2025-01-13,68,0.59,smart_tv
1063,210,1,2025-04-06,94,0.8,smart_tv
1064,479,2,2025-03-19,70,0.53,smart_tv
1065,181,11,2024-11-14,77,0.63,smart_tv
1066,207,3,2025-04-08,90,0.71,tablet
1067,408,1,2025-04-16,93,0.79,tablet
1068,444,4,2025-03-05,89,0.86,tablet
1069,86,1,2025-02-22,78,0.66,smart_tv
1070,390,7,2025-04-08,27,0.29,laptop
1071,493,4,2025-02-23,84,0.81,laptop
1072,159,1,2025-01-15,80,0.68,mobile
1073,384,13,2025-03-13,88,0.74,tablet
1074,383,15,2024-12-22,99,0.79,tablet
1075,73,3,2025-04-17,102,0.8,mobile
1076,580,15,2024-10-26,76,0.61,smart_tv
1077,357,11,2024-10-20,96,0.79,tablet
1078,60,9,2025-03-29,76,0.66,tablet
1079,249,15,2025-01-15,92,0.74,mobile
1080,29,15,2025-03-12,82,0.66,smart_tv
1081,151,2,2025-03-12,78,0.59,smart_tv
1082,166,9,2025-01-06,91,0.79,mobile
1083,394,11,2024-09-21,88,0.72,mobile
1084,434,6,2025-02-18,28,0.3,tablet
1085,546,2,2025-03-28,75,0.57,laptop
1086,92,11,2024-07-09,92,0.75,laptop
1087,215,12,2024-11-29,79,0.78,laptop
1088,504,1,2025-04-03,73,0.62,tablet
1089,442,6,2025-02-18,39,0.41,smart_tv
1090,203,3,2025-04-22,93,0.73,smart_tv
1091,581,6,2025-02-24,27,0.28,smart_tv
1092,197,2,2025-03-13,84,0.64,tablet
1093,112,4,2025-03-07,97,0.93,mobile
1094,284,3,2025-03-26,84,0.66,laptop
1095,497,1,2025-01-27,74,0.63,mobile
1096,8,1,2025-01-20,88,0.75,mobile
1097,385,2,2025-04-26,86,0.65,laptop
1098,346,15,2025-02-16,85,0.68,tablet
1099,352,3,2025-04-11,93,0.73,smart_tv
1100,388,15,2025-02-18,91,0.73,mobile
1101,103,15,2024-09-15,96,0.77,tablet
1102,143,13,2024-11-14,80,0.67,mobile
1103,255,13,2025-02-10,76,0.64,tablet
1104,487,9,2025-03-11,83,0.72,tablet
1105,330,9,2025-01-07,67,0.58,laptop
1106,334,13,2025-04-30,94,0.79,tablet
1107,84,2,2025-03-24,79,0.6,tablet
1108,488,15,2025-03-02,99,0.79,mobile
1109,200,11,2024-07-18,78,0.64,mobile
1110,309,1,2025-03-26,90,0.76,tablet
1111,119,2,2025-04-10,78,0.59,smart_tv
1112,92,2,2025-02-21,73,0.55,tablet
1113,335,15,2024-12-22,74,0.59,laptop
1114,488,2,2025-02-23,74,0.56,smart_tv
1115,504,15,2024-10-08,90,0.72,laptop
1116,67,13,2025-04-21,93,0.78,laptop
1117,391,3,2025-04-26,94,0.74,tablet
1118,119,12,2024-11-02,78,0.77,mobile
1119,193,1,2025-01-29,77,0.65,laptop
1120,390,1,2025-04-01,77,0.65,laptop
1121,398,1,2025-02-24,83,0.7,laptop
1122,130,12,2024-12-31,94,0.93,smart_tv
1123,472,1,2025-04-27,68,0.58,laptop
1124,467,13,2024-12-15,82,0.69,laptop
1125,36,1,2025-04-10,86,0.73,mobile
1126,588,2,2025-04-10,87,0.66,smart_tv
1127,386,5,2025-04-06,86,0.88,laptop
1128,231,1,2025-01-21,87,0.74,smart_tv
1129,307,13,2025-04-25,88,0.74,smart_tv
1130,346,15,2025-01-01,88,0.7,tablet
1131,401,15,2024-10-03,94,0.75,laptop
1132,562,2,2025-03-30,88,0.67,mobile
1133,595,1,2025-01-21,88,0.75,laptop
1134,141,5,2025-04-19,74,0.76,tablet
1135,224,3,2025-04-03,77,0.61,mobile
1136,105,3,2025-03-31,98,0.77,tablet
1137,173,15,2024-09-29,84,0.67,mobile
1138,54,3,2025-03-29,86,0.68,laptop
1139,414,9,2025-02-05,91,0.79,mobile
1140,310,1,2025-02-06,79,0.67,tablet
1141,92,11,2024-10-08,98,0.8,tablet
1142,377,2,2025-02-09,82,0.62,mobile
1143,522,1,2025-04-19,72,0.61,tablet
1144,186,2,2025-03-29,84,0.64,tablet
1145,306,15,2025-02-08,91,0.73,smart_tv
1146,551,1,2025-04-27,70,0.59,mobile
1147,543,4,2025-04-17,95,0.91,mobile
1148,128,6,2025-02-23,38,0.4,mobile
1149,185,2,2025-02-08,82,0.62,tablet
1150,132,12,2025-01-14,76,0.75,smart_tv
1151,263,9,2025-04-23,69,0.6,mobile
1152,306,1,2025-04-18,72,0.61,smart_tv
1153,1,4,2025-03-17,98,0.94,laptop
1154,301,1,2025-03-12,93,0.79,smart_tv
1155,536,9,2025-02-19,84,0.73,smart_tv
1156,46,10,2025-04-14,79,0.73,mobile
1157,221,2,2025-02-25,75,0.57,smart_tv
1158,433,9,2025-01-14,74,0.64,laptop
1159,168,2,2025-03-31,82,0.62,tablet
1160,436,1,2025-02-02,76,0.64,smart_tv
1161,198,1,2025-03-28,87,0.74,smart_tv
1162,445,4,2025-04-03,79,0.76,mobile
1163,277,15,2024-10-16,79,0.63,mobile
1164,338,10,2025-04-04,72,0.67,laptop
1165,150,14,2024-06-27,40,0.44,laptop
1166,228,1,2025-04-04,78,0.66,mobile
1167,314,2,2025-04-24,84,0.64,tablet
1168,586,1,2025-03-26,78,0.66,laptop
1169,175,9,2025-02-14,90,0.78,tablet
1170,545,2,2025-04-19,86,0.65,tablet
1171,10,5,2025-04-26,74,0.75,smart_tv
1172,582,9,2025-04-09,70,0.61,laptop
1173,380,1,2025-02-15,87,0.74,tablet
1174,363,10,2025-04-28,67,0.62,laptop
1175,235,2,2025-03-19,78,0.59,mobile
1176,321,15,2024-10-08,84,0.67,mobile
1177,96,1,2025-04-02,74,0.63,mobile
1178,505,11,2024-06-14,85,0.7,tablet
1179,140,10,2025-04-29,85,0.79,tablet
1180,546,6,2025-04-27,48,0.5,mobile
1181,8,4,2025-04-09,89,0.86,laptop
1182,541,2,2025-04-26,84,0.64,mobile
1183,537,9,2025-04-30,91,0.79,smart_tv
1184,137,2,2025-04-14,77,0.58,laptop
1185,389,15,2024-10-28,84,0.67,laptop
1186,256,15,2025-01-31,81,0.65,mobile
1187,272,2,2025-03-07,79,0.6,mobile
1188,223,11,2024-08-29,87,0.71,mobile
1189,500,15,2024-09-29,98,0.78,laptop
1190,306,1,2025-04-01,80,0.68,laptop
1191,364,13,2024-11-10,74,0.62,mobile
1192,542,4,2025-04-20,80,0.77,smart_tv
1193,8,4,2025-03-05,97,0.93,laptop
1194,307,2,2025-03-26,77,0.58,tablet
1195,276,13,2024-12-05,83,0.7,tablet
1196,144,9,2025-02-19,78,0.68,tablet
1197,204,1,2025-04-10,91,0.77,mobile
1198,340,1,2025-02-04,79,0.67,smart_tv
1199,273,15,2024-10-15,99,0.79,tablet
1200,131,5,2025-04-15,81,0.83,tablet
1201,399,6,2025-02-13,46,0.48,mobile
1202,130,15,2024-10-24,94,0.75,laptop
1203,243,6,2025-02-03,42,0.44,laptop
1204,9,4,2025-04-10,89,0.86,tablet
1205,440,2,2025-03-11,79,0.6,smart_tv
1206,288,11,2024-07-11,76,0.62,laptop
1207,440,15,2024-11-04,79,0.63,tablet
1208,515,10,2025-04-10,82,0.76,smart_tv
1209,153,15,2024-11-12,89,0.71,mobile
1210,197,1,2025-03-10,70,0.59,mobile
1211,53,9,2025-02-22,69,0.6,tablet
1212,237,6,2025-02-25,41,0.43,laptop
1213,438,4,2025-02-20,76,0.73,laptop
1214,360,1,2025-02-15,78,0.66,laptop
1215,1,13,2024-11-21,74,0.62,laptop
1216,104,2,2025-04-04,79,0.6,smart_tv
1217,343,2,2025-03-18,79,0.6,mobile
1218,566,1,2025-01-31,68,0.58,laptop
1219,542,3,2025-04-29,97,0.76,laptop
1220,599,2,2025-03-29,74,0.56,mobile
1221,124,13,2024-11-18,73,0.61,smart_tv
1222,102,2,2025-02-17,78,0.59,laptop
1223,207,3,2025-04-25,86,0.68,smart_tv
1224,564,1,2025-03-27,73,0.62,laptop
1225,121,13,2025-02-27,81,0.68,mobile
1226,516,5,2025-04-30,82,0.84,mobile
1227,133,2,2025-03-17,74,0.56,mobile
1228,195,15,2024-12-25,74,0.59,tablet
1229,77,10,2025-04-09,83,0.77,tablet
1230,400,11,2024-09-22,81,0.66,laptop
1231,586,2,2025-03-07,69,0.52,mobile
1232,467,13,2025-03-16,89,0.75,laptop
1233,275,3,2025-04-26,80,0.63,mobile
1234,244,2,2025-03-17,70,0.53,mobile
1235,285,9,2025-01-22,91,0.79,laptop
1236,255,13,2024-12-31,70,0.59,mobile
1237,378,1,2025-04-23,78,0.66,laptop
1238,302,11,2024-09-03,82,0.67,mobile
1239,365,9,2025-02-02,67,0.58,laptop
1240,551,2,2025-04-23,90,0.68,mobile
1241,264,11,2024-11-19,89,0.73,smart_tv
1242,276,12,2024-10-11,78,0.77,tablet
1243,445,1,2025-04-29,74,0.63,tablet
1244,190,1,2025-02-06,73,0.62,smart_tv
1245,185,8,2025-04-28,43,0.49,laptop
1246,182,1,2025-02-08,73,0.62,mobile
1247,466,1,2025-03-07,79,0.67,mobile
1248,13,11,2024-11-13,74,0.61,mobile
1249,14,3,2025-03-24,74,0.58,smart_tv
1250,147,2,2025-04-29,70,0.53,mobile
1251,109,12,2025-01-05,73,0.72,laptop
1252,143,13,2025-03-10,71,0.6,tablet
1253,491,12,2024-09-28,80,0.79,smart_tv
1254,557,1,2025-04-27,86,0.73,mobile
1255,524,1,2025-03-09,77,0.65,smart_tv
1256,233,1,2025-04-05,74,0.63,laptop
1257,394,9,2025-04-02,72,0.63,mobile
1258,230,5,2025-04-08,93,0.95,laptop
1259,122,3,2025-04-14,91,0.72,mobile
1260,183,13,2025-02-25,84,0.71,laptop
1261,154,9,2025-04-29,84,0.73,laptop
1262,107,9,2025-02-08,74,0.64,tablet
1263,79,9,2025-04-15,91,0.79,mobile
1264,151,13,2025-01-28,95,0.8,smart_tv
1265,490,4,2025-02-22,93,0.89,mobile
1266,286,9,2025-01-23,91,0.79,mobile
1267,395,3,2025-04-13,77,0.61,laptop
1268,424,5,2025-04-24,81,0.83,laptop
1269,252,1,2025-04-18,93,0.79,tablet
1270,550,7,2025-03-24,34,0.37,tablet
1271,540,1,2025-04-23,87,0.74,smart_tv
1272,3,10,2025-04-12,68,0.63,mobile
1273,137,3,2025-03-29,86,0.68,mobile
1274,143,14,2024-07-15,31,0.34,tablet
1275,432,1,2025-04-27,91,0.77,smart_tv
1276,147,1,2025-04-01,72,0.61,tablet
1277,596,3,2025-03-26,93,0.73,tablet
1278,31,13,2024-12-15,92,0.77,laptop
1279,13,1,2025-04-27,74,0.63,tablet
1280,144,1,2025-02-22,73,0.62,tablet
1281,14,4,2025-03-22,83,0.8,mobile
1282,33,1,2025-02-06,91,0.77,smart_tv
1283,466,1,2025-04-27,90,0.76,laptop
1284,233,15,2025-01-01,86,0.69,smart_tv
1285,387,2,2025-02-24,70,0.53,smart_tv
1286,402,4,2025-03-09,76,0.73,mobile
1287,321,12,2025-02-03,84,0.83,tablet
1288,381,12,2025-02-01,77,0.76,tablet
1289,80,2,2025-03-26,71,0.54,laptop
1290,555,1,2025-04-07,76,0.64,mobile
1291,565,11,2024-08-02,79,0.65,mobile
1292,584,2,2025-04-21,70,0.53,mobile
1293,47,8,2025-04-18,40,0.45,laptop
1294,366,1,2025-03-06,77,0.65,smart_tv
1295,365,3,2025-03-30,85,0.67,mobile
1296,516,3,2025-03-28,99,0.78,smart_tv
1297,489,1,2025-04-28,90,0.76,mobile
1298,475,2,2025-02-18,71,0.54,mobile
1299,221,15,2025-03-08,79,0.63,smart_tv
1300,514,11,2024-10-22,76,0.62,laptop
1301,298,4,2025-04-01,78,0.75,tablet
1302,397,1,2025-04-20,87,0.74,mobile
1303,510,15,2024-10-09,88,0.7,mobile
1304,561,1,2025-01-26,91,0.77,tablet
1305,303,1,2025-04-09,77,0.65,laptop
1306,472,3,2025-04-07,76,0.6,tablet
1307,453,15,2025-02-28,94,0.75,smart_tv
1308,500,15,2024-09-25,99,0.79,laptop
1309,133,13,2025-02-28,80,0.67,laptop
1310,322,6,2025-03-16,39,0.41,mobile
1311,270,10,2025-04-01,75,0.69,mobile
1312,575,11,2024-06-14,77,0.63,smart_tv
1313,163,13,2025-04-02,76,0.64,tablet
1314,474,13,2025-04-28,75,0.63,mobile
1315,548,3,2025-04-20,86,0.68,mobile
1316,407,1,2025-02-09,87,0.74,tablet
1317,498,3,2025-04-04,83,0.65,tablet
1318,559,1,2025-04-16,80,0.68,smart_tv
1319,33,9,2025-03-22,75,0.65,tablet
1320,441,1,2025-02-11,90,0.76,mobile
1321,434,2,2025-03-14,69,0.52,laptop
1322,71,9,2025-02-09,69,0.6,tablet
1323,463,1,2025-03-23,91,0.77,smart_tv
1324,56,10,2025-04-04,69,0.64,tablet
1325,169,3,2025-04-03,95,0.75,laptop
1326,549,15,2025-03-10,86,0.69,smart_tv
1327,585,15,2024-12-23,85,0.68,mobile
1328,204,8,2025-04-19,41,0.47,smart_tv
1329,325,3,2025-03-22,102,0.8,smart_tv
1330,512,13,2025-01-28,94,0.79,mobile
1331,270,12,2024-12-31,89,0.88,mobile
1332,129,15,2025-02-24,99,0.79,tablet
1333,38,9,2025-02-01,82,0.71,smart_tv
1334,171,4,2025-04-03,88,0.85,smart_tv
1335,591,3,2025-03-22,100,0.79,laptop
1336,315,12,2024-12-26,73,0.72,mobile
1337,467,10,2025-04-25,78,0.72,tablet
1338,437,3,2025-04-24,97,0.76,laptop
1339,439,1,2025-04-18,73,0.62,smart_tv
1340,448,7,2025-04-19,32,0.35,laptop
1341,102,10,2025-04-04,85,0.79,mobile
1342,422,1,2025-04-24,68,0.58,mobile
1343,34,9,2025-03-31,79,0.69,laptop
1344,466,13,2025-03-29,75,0.63,tablet
1345,128,1,2025-04-26,91,0.77,tablet
1346,406,4,2025-02-14,95,0.91,laptop
1347,275,11,2024-11-27,84,0.69,laptop
1348,425,3,2025-04-06,99,0.78,mobile
1349,16,14,2024-05-07,31,0.35,smart_tv
1350,532,11,2024-11-12,93,0.76,laptop
1351,441,3,2025-04-06,100,0.79,tablet
1352,53,2,2025-04-22,82,0.62,tablet
1353,178,1,2025-04-11,85,0.72,smart_tv
1354,130,4,2025-04-19,77,0.74,mobile
1355,267,9,2025-04-22,86,0.75,smart_tv
1356,96,15,2024-09-21,78,0.62,tablet
1357,157,1,2025-04-23,88,0.75,mobile
1358,134,8,2025-04-25,23,0.26,laptop
1359,228,2,2025-03-18,82,0.62,smart_tv
1360,388,7,2025-04-28,29,0.31,laptop
1361,148,9,2025-03-26,74,0.64,mobile
1362,106,9,2025-01-19,82,0.71,tablet
1363,146,15,2024-11-26,76,0.61,laptop
1364,507,13,2025-02-08,71,0.6,smart_tv
1365,23,4,2025-04-07,86,0.83,mobile
1366,216,5,2025-04-26,84,0.86,tablet
1367,462,3,2025-04-01,83,0.65,smart_tv
1368,581,3,2025-04-29,99,0.78,mobile
1369,356,1,2025-04-20,78,0.66,mobile
1370,125,1,2025-04-01,87,0.74,mobile
1371,222,6,2025-03-15,42,0.44,mobile
1372,142,13,2025-01-03,70,0.59,mobile
1373,275,11,2024-08-21,96,0.79,tablet
1374,565,2,2025-03-17,70,0.53,tablet
1375,525,11,2024-09-22,84,0.69,smart_tv
1376,288,2,2025-03-30,73,0.55,mobile
1377,320,9,2025-01-26,86,0.75,smart_tv
1378,457,15,2025-01-01,86,0.69,laptop
1379,393,12,2024-12-07,87,0.86,smart_tv
1380,66,8,2025-04-25,30,0.34,smart_tv
1381,260,13,2025-04-07,94,0.79,tablet
1382,544,3,2025-04-13,97,0.76,tablet
1383,331,1,2025-04-06,73,0.62,laptop
1384,381,2,2025-03-27,73,0.55,smart_tv
1385,327,11,2024-12-05,74,0.61,mobile
1386,582,10,2025-04-19,68,0.63,smart_tv
1387,218,8,2025-04-26,31,0.35,smart_tv
1388,77,1,2025-04-21,76,0.64,tablet
1389,328,10,2025-04-11,73,0.68,smart_tv
1390,48,1,2025-03-09,81,0.69,mobile
1391,335,1,2025-04-08,73,0.62,mobile
1392,590,2,2025-02-08,82,0.62,tablet
1393,413,2,2025-02-12,86,0.65,mobile
1394,482,3,2025-03-28,74,0.58,tablet
1395,355,11,2024-09-22,78,0.64,mobile
1396,49,8,2025-04-24,29,0.33,laptop
1397,125,10,2025-04-22,73,0.68,mobile
1398,11,1,2025-04-11,70,0.59,tablet
1399,378,2,2025-04-17,70,0.53,mobile
1400,266,15,2024-09-26,96,0.77,mobile
1401,271,1,2025-04-20,77,0.65,tablet
1402,142,2,2025-04-23,73,0.55,tablet
1403,152,1,2025-03-08,77,0.65,tablet
1404,247,10,2025-04-29,75,0.69,tablet
1405,495,15,2024-11-11,81,0.65,mobile
1406,85,2,2025-03-25,75,0.57,smart_tv
1407,211,9,2025-04-03,85,0.74,mobile
1408,218,1,2025-04-07,81,0.69,tablet
1409,108,12,2024-11-15,77,0.76,smart_tv
1410,527,12,2024-11-08,91,0.9,laptop
1411,517,10,2025-04-05,78,0.72,smart_tv
1412,464,2,2025-04-28,77,0.58,smart_tv
1413,285,11,2024-09-28,76,0.62,smart_tv
1414,592,10,2025-04-05,85,0.79,smart_tv
1415,113,5,2025-04-12,73,0.74,mobile
1416,30,13,2025-03-09,74,0.62,tablet
1417,564,3,2025-03-27,77,0.61,laptop
1418,515,4,2025-04-10,78,0.75,laptop
1419,101,1,2025-04-13,76,0.64,tablet
1420,181,2,2025-04-25,73,0.55,laptop
1421,444,7,2025-03-16,34,0.37,mobile
1422,225,9,2025-01-19,91,0.79,mobile
1423,245,13,2024-11-24,84,0.71,mobile
1424,415,2,2025-03-30,87,0.66,tablet
1425,275,1,2025-04-06,87,0.74,smart_tv
1426,295,3,2025-03-22,81,0.64,mobile
1427,489,2,2025-03-19,88,0.67,smart_tv
1428,171,2,2025-03-03,83,0.63,laptop
1429,14,13,2025-04-27,73,0.61,tablet
1430,271,4,2025-02-23,75,0.72,smart_tv
1431,361,10,2025-04-29,83,0.77,mobile
1432,113,5,2025-04-06,76,0.78,mobile
1433,234,8,2025-04-26,44,0.5,smart_tv
1434,103,11,2024-08-28,92,0.75,laptop
1435,559,4,2025-03-18,93,0.89,tablet
1436,362,2,2025-03-18,78,0.59,laptop
1437,496,13,2024-12-06,89,0.75,laptop
1438,22,10,2025-04-08,80,0.74,tablet
1439,146,13,2025-02-07,87,0.73,tablet
1440,442,1,2025-04-24,84,0.71,mobile
1441,111,2,2025-03-15,88,0.67,tablet
1442,180,15,2024-11-21,96,0.77,laptop
1443,428,13,2025-01-17,80,0.67,laptop
1444,352,2,2025-04-27,81,0.61,mobile
1445,356,4,2025-03-22,85,0.82,mobile
1446,151,15,2025-01-12,86,0.69,smart_tv
1447,572,6,2025-04-23,30,0.32,smart_tv
1448,302,3,2025-03-22,81,0.64,tablet
1449,127,1,2025-04-10,76,0.64,mobile
1450,1,4,2025-02-20,90,0.87,laptop
1451,515,1,2025-03-27,91,0.77,smart_tv
1452,147,15,2024-11-04,92,0.74,tablet
1453,225,9,2025-01-09,69,0.6,tablet
1454,396,15,2025-01-01,79,0.63,tablet
1455,268,15,2024-12-01,75,0.6,laptop
1456,331,2,2025-04-23,78,0.59,smart_tv
1457,139,10,2025-04-25,67,0.62,smart_tv
1458,581,3,2025-04-20,76,0.6,smart_tv
1459,448,3,2025-03-28,98,0.77,smart_tv
1460,516,6,2025-04-25,40,0.42,laptop
1461,431,5,2025-04-18,80,0.82,tablet
1462,432,1,2025-04-05,83,0.7,laptop
1463,383,11,2024-07-14,87,0.71,laptop
1464,129,1,2025-04-01,91,0.77,tablet
1465,472,12,2024-09-02,93,0.92,mobile
1466,110,1,2025-04-04,90,0.76,laptop
1467,63,8,2025-04-19,37,0.42,mobile
1468,576,10,2025-04-30,75,0.69,smart_tv
1469,159,2,2025-03-18,83,0.63,laptop
1470,497,11,2024-11-18,96,0.79,smart_tv
1471,124,1,2025-04-08,68,0.58,smart_tv
1472,518,1,2025-04-02,70,0.59,mobile
1473,189,3,2025-04-06,88,0.69,laptop
1474,127,12,2024-12-08,89,0.88,smart_tv
1475,247,9,2025-01-26,71,0.62,smart_tv
1476,103,5,2025-04-23,77,0.79,tablet
1477,396,3,2025-03-28,81,0.64,tablet
1478,29,4,2025-03-22,85,0.82,tablet
1479,595,1,2025-04-21,79,0.67,tablet
1480,143,1,2025-04-24,92,0.78,tablet
1481,367,2,2025-04-13,90,0.68,smart_tv
1482,400,3,2025-04-23,94,0.74,mobile
1483,577,2,2025-03-23,71,0.54,tablet
1484,286,10,2025-04-18,81,0.75,tablet
1485,496,1,2025-04-16,90,0.76,smart_tv
1486,539,9,2025-02-07,90,0.78,smart_tv
1487,595,10,2025-04-21,77,0.71,tablet
1488,163,1,2025-04-22,70,0.59,mobile
1489,332,5,2025-04-29,86,0.88,smart_tv
1490,243,15,2024-10-11,95,0.76,smart_tv
1491,431,11,2024-06-28,81,0.66,mobile
1492,75,9,2025-03-02,70,0.61,laptop
1493,179,9,2025-02-15,87,0.76,mobile
1494,588,10,2025-04-11,71,0.66,smart_tv
1495,293,2,2025-03-08,78,0.59,smart_tv
1496,542,11,2024-07-31,83,0.68,mobile
1497,99,9,2025-01-31,83,0.72,mobile
1498,369,12,2024-12-02,94,0.93,mobile
1499,541,3,2025-04-22,93,0.73,smart_tv
1500,486,12,2024-12-26,86,0.85,laptop
1501,142,3,2025-03-26,99,0.78,tablet
1502,73,4,2025-04-27,84,0.81,mobile
1503,104,1,2025-04-08,81,0.69,mobile
1504,230,9,2025-04-20,75,0.65,laptop
1505,367,15,2024-10-02,80,0.64,smart_tv
1506,590,15,2024-11-15,75,0.6,laptop
1507,114,4,2025-04-29,76,0.73,tablet
1508,31,15,2024-09-23,100,0.8,laptop
1509,61,4,2025-03-03,80,0.77,smart_tv
1510,64,7,2025-03-25,40,0.43,tablet
1511,37,1,2025-04-03,93,0.79,tablet
1512,83,9,2025-04-28,82,0.71,tablet
1513,43,15,2024-10-11,80,0.64,mobile
1514,359,5,2025-04-18,75,0.77,tablet
1515,234,3,2025-03-23,98,0.77,mobile
1516,201,1,2025-04-28,88,0.75,tablet
1517,566,10,2025-04-29,80,0.74,mobile
1518,129,4,2025-04-10,84,0.81,tablet
1519,121,7,2025-04-18,26,0.28,laptop
1520,60,3,2025-04-06,84,0.66,smart_tv
1521,423,1,2025-03-24,68,0.58,mobile
1522,256,15,2024-09-29,72,0.58,mobile
1523,290,1,2025-04-12,80,0.68,smart_tv
1524,408,15,2025-01-15,76,0.61,mobile
1525,557,9,2025-01-31,69,0.6,tablet
1526,226,10,2025-04-27,82,0.76,laptop
1527,300,15,2025-03-01,94,0.75,smart_tv
1528,555,6,2025-04-02,30,0.32,mobile
1529,498,1,2025-04-07,92,0.78,smart_tv
1530,313,13,2025-03-29,82,0.69,smart_tv
1531,146,1,2025-04-08,87,0.74,tablet
1532,117,9,2025-01-07,78,0.68,tablet
1533,394,12,2024-11-04,79,0.78,mobile
1534,394,1,2025-04-28,91,0.77,tablet
1535,211,4,2025-04-03,76,0.73,smart_tv
1536,313,9,2025-01-09,80,0.7,laptop
1537,345,15,2024-11-21,98,0.78,smart_tv
1538,445,11,2024-09-29,81,0.66,mobile
1539,295,12,2025-01-03,86,0.85,tablet
1540,532,4,2025-03-19,93,0.89,smart_tv
1541,244,15,2024-10-18,85,0.68,mobile
1542,281,2,2025-02-18,83,0.63,smart_tv
1543,585,11,2024-09-21,79,0.65,mobile
1544,257,9,2025-04-15,76,0.66,mobile
1545,329,1,2025-02-06,84,0.71,tablet
1546,478,5,2025-04-06,80,0.82,laptop
1547,224,5,2025-04-18,89,0.91,mobile
1548,565,9,2025-02-14,69,0.6,mobile
1549,283,4,2025-03-19,81,0.78,tablet
1550,151,1,2025-01-21,85,0.72,smart_tv
1551,519,1,2025-03-30,70,0.59,laptop
1552,63,1,2025-02-17,87,0.74,laptop
1553,362,1,2025-04-02,91,0.77,smart_tv
1554,455,3,2025-03-29,76,0.6,mobile
1555,381,2,2025-04-02,75,0.57,mobile
1556,147,9,2025-01-08,89,0.77,laptop
1557,418,9,2025-04-29,76,0.66,laptop
1558,32,5,2025-04-10,92,0.94,laptop
1559,27,1,2025-04-07,92,0.78,laptop
1560,521,6,2025-04-12,43,0.45,laptop
1561,597,15,2024-09-23,82,0.66,smart_tv
1562,81,3,2025-03-26,102,0.8,smart_tv
1563,562,8,2025-04-29,44,0.5,tablet
1564,541,7,2025-04-30,26,0.28,mobile
1565,533,9,2025-03-02,84,0.73,laptop
1566,301,2,2025-03-11,86,0.65,laptop
1567,371,2,2025-03-09,84,0.64,tablet
1568,247,3,2025-04-19,100,0.79,tablet
1569,518,3,2025-03-26,84,0.66,laptop
1570,460,9,2025-04-15,82,0.71,tablet
1571,129,2,2025-04-17,86,0.65,smart_tv
1572,599,11,2024-11-29,82,0.67,smart_tv
1573,350,9,2025-02-14,87,0.76,mobile
1574,152,1,2025-04-21,79,0.67,smart_tv
1575,16,13,2024-12-20,92,0.77,mobile
1576,482,4,2025-02-26,94,0.9,smart_tv
1577,25,13,2024-12-20,90,0.76,mobile
1578,398,1,2025-03-01,91,0.77,smart_tv
1579,301,4,2025-03-01,88,0.85,laptop
1580,111,13,2024-11-19,93,0.78,mobile
1581,460,11,2024-09-24,81,0.66,tablet
1582,489,11,2024-12-08,83,0.68,smart_tv
1583,522,11,2024-07-03,90,0.74,smart_tv
1584,379,13,2025-04-29,84,0.71,tablet
1585,521,3,2025-04-28,86,0.68,laptop
1586,305,15,2025-01-19,75,0.6,laptop
1587,538,1,2025-04-28,81,0.69,tablet
1588,183,2,2025-02-26,77,0.58,mobile
1589,216,12,2024-12-08,90,0.89,laptop
1590,102,9,2025-02-18,83,0.72,laptop
1591,499,2,2025-04-05,75,0.57,smart_tv
1592,266,13,2025-04-12,76,0.64,mobile
1593,145,15,2024-10-09,91,0.73,smart_tv
1594,173,7,2025-03-11,35,0.38,mobile
1595,200,15,2024-09-16,88,0.7,tablet
1596,209,12,2024-10-31,74,0.73,tablet
1597,465,11,2024-08-26,84,0.69,mobile
1598,123,10,2025-04-27,84,0.78,tablet
1599,141,5,2025-04-13,73,0.74,mobile
1600,228,15,2024-10-04,95,0.76,laptop
1601,465,1,2025-03-21,77,0.65,mobile
1602,40,10,2025-04-26,70,0.65,mobile
1603,326,15,2024-11-02,94,0.75,mobile
1604,252,15,2024-10-20,90,0.72,tablet
1605,201,13,2025-01-14,75,0.63,tablet
1606,509,1,2025-04-07,90,0.76,mobile
1607,220,15,2024-09-15,96,0.77,tablet
1608,214,1,2025-01-19,83,0.7,tablet
1609,598,10,2025-04-14,77,0.71,laptop
1610,185,5,2025-04-14,85,0.87,smart_tv
1611,502,13,2025-04-18,87,0.73,tablet
1612,303,9,2025-01-17,80,0.7,smart_tv
1613,295,1,2025-04-15,91,0.77,laptop
1614,181,2,2025-04-08,78,0.59,laptop
1615,408,9,2025-04-05,76,0.66,smart_tv
1616,501,11,2024-11-12,84,0.69,tablet
1617,275,10,2025-04-12,64,0.59,tablet
1618,268,1,2025-03-08,88,0.75,tablet
1619,267,12,2024-09-02,83,0.82,laptop
1620,47,5,2025-04-14,75,0.77,tablet
1621,171,4,2025-04-23,88,0.85,smart_tv
1622,338,11,2024-07-15,73,0.6,mobile
1623,389,15,2024-10-08,72,0.58,laptop
1624,567,14,2024-05-17,40,0.44,mobile
1625,204,6,2025-02-17,32,0.34,tablet
1626,166,13,2025-02-11,75,0.63,laptop
1627,255,4,2025-02-15,88,0.85,mobile
1628,540,13,2024-12-04,89,0.75,tablet
1629,290,12,2024-11-05,74,0.73,mobile
1630,254,2,2025-02-12,84,0.64,laptop
1631,387,11,2024-11-26,93,0.76,tablet
1632,277,1,2025-01-24,87,0.74,mobile
1633,426,6,2025-01-30,41,0.43,mobile
1634,156,11,2024-07-06,85,0.7,tablet
1635,320,2,2025-03-21,82,0.62,tablet
1636,281,6,2025-03-27,25,0.26,smart_tv
1637,591,1,2025-04-10,93,0.79,tablet
1638,575,1,2025-04-10,93,0.79,smart_tv
1639,404,4,2025-04-02,99,0.95,mobile
1640,26,4,2025-04-05,88,0.85,smart_tv
1641,112,4,2025-03-25,86,0.83,laptop
1642,86,1,2025-04-06,85,0.72,smart_tv
1643,256,13,2024-11-29,82,0.69,smart_tv
1644,536,4,2025-04-27,95,0.91,smart_tv
1645,422,1,2025-04-11,81,0.69,smart_tv
1646,417,1,2025-02-18,86,0.73,smart_tv
1647,559,11,2024-10-17,92,0.75,laptop
1648,473,15,2025-01-16,79,0.63,mobile
1649,80,15,2024-12-20,84,0.67,smart_tv
1650,125,11,2024-07-24,76,0.62,smart_tv
1651,40,4,2025-04-09,98,0.94,tablet
1652,499,2,2025-02-25,86,0.65,tablet
1653,446,4,2025-03-23,82,0.79,laptop
1654,381,6,2025-04-10,38,0.4,smart_tv
1655,210,1,2025-03-03,83,0.7,laptop
1656,339,5,2025-04-28,75,0.77,smart_tv
1657,486,2,2025-02-09,83,0.63,laptop
1658,69,4,2025-02-14,78,0.75,laptop
1659,97,10,2025-04-28,67,0.62,laptop
1660,161,1,2025-04-21,85,0.72,smart_tv
1661,198,3,2025-04-08,74,0.58,laptop
1662,599,12,2024-11-06,93,0.92,laptop
1663,261,9,2025-03-17,77,0.67,smart_tv
1664,222,1,2025-04-09,72,0.61,mobile
1665,393,1,2025-04-25,81,0.69,laptop
1666,485,15,2024-11-07,92,0.74,smart_tv
1667,222,1,2025-04-26,74,0.63,smart_tv
1668,1,1,2025-04-29,80,0.68,mobile
1669,436,1,2025-02-25,90,0.76,laptop
1670,574,6,2025-03-19,27,0.28,tablet
1671,364,11,2024-08-30,90,0.74,laptop
1672,220,7,2025-03-20,43,0.47,laptop
1673,574,10,2025-04-27,82,0.76,tablet
1674,124,10,2025-04-26,69,0.64,laptop
1675,478,2,2025-03-24,87,0.66,tablet
1676,196,2,2025-03-28,81,0.61,laptop
1677,11,2,2025-03-05,84,0.64,tablet
1678,318,3,2025-04-12,79,0.62,mobile
1679,515,14,2024-05-04,43,0.48,laptop
1680,491,1,2025-04-23,76,0.64,laptop
1681,586,2,2025-02-11,70,0.53,tablet
1682,503,15,2024-10-29,90,0.72,tablet
1683,559,11,2024-07-08,88,0.72,mobile
1684,157,3,2025-04-02,90,0.71,smart_tv
1685,123,1,2025-04-21,90,0.76,mobile
1686,285,3,2025-04-03,98,0.77,mobile
1687,325,3,2025-04-01,93,0.73,laptop
1688,413,6,2025-03-22,47,0.49,mobile
1689,514,1,2025-04-09,90,0.76,mobile
1690,204,2,2025-04-13,70,0.53,tablet
1691,4,2,2025-03-19,84,0.64,laptop
1692,478,8,2025-04-27,25,0.28,mobile
1693,120,8,2025-04-19,33,0.37,smart_tv
1694,21,11,2024-07-25,76,0.62,mobile
1695,84,2,2025-03-11,77,0.58,laptop
1696,196,13,2024-12-11,86,0.72,laptop
1697,183,1,2025-04-19,87,0.74,laptop
1698,280,4,2025-03-11,95,0.91,smart_tv
1699,451,15,2024-11-21,80,0.64,mobile
1700,358,5,2025-04-29,83,0.85,tablet
1701,175,12,2024-08-29,89,0.88,tablet
1702,445,1,2025-04-26,84,0.71,laptop
1703,516,2,2025-04-19,83,0.63,laptop
1704,265,1,2025-04-09,88,0.75,mobile
1705,191,15,2025-01-14,86,0.69,smart_tv
1706,578,5,2025-04-17,77,0.79,mobile
1707,368,3,2025-03-22,76,0.6,smart_tv
1708,103,4,2025-03-09,83,0.8,laptop
1709,191,3,2025-03-23,86,0.68,tablet
1710,590,12,2025-02-13,83,0.82,tablet
1711,250,11,2024-08-15,83,0.68,laptop
1712,411,9,2025-02-12,79,0.69,mobile
1713,520,15,2024-10-12,96,0.77,tablet
1714,592,4,2025-04-06,81,0.78,mobile
1715,308,2,2025-04-25,73,0.55,smart_tv
1716,143,15,2024-10-18,88,0.7,laptop
1717,93,11,2024-08-30,72,0.59,smart_tv
1718,170,12,2024-12-15,84,0.83,mobile
1719,177,9,2025-02-12,71,0.62,laptop
1720,209,1,2025-04-24,74,0.63,smart_tv
1721,384,1,2025-04-06,83,0.7,laptop
1722,404,1,2025-03-16,83,0.7,tablet
1723,99,12,2024-11-27,89,0.88,smart_tv
1724,410,3,2025-04-11,100,0.79,laptop
1725,435,12,2025-01-19,90,0.89,tablet
1726,28,7,2025-03-24,31,0.34,smart_tv
1727,349,11,2024-10-18,81,0.66,mobile
1728,80,9,2025-03-28,86,0.75,smart_tv
1729,217,1,2025-04-03,73,0.62,laptop
1730,155,4,2025-03-22,79,0.76,laptop
1731,36,4,2025-03-19,95,0.91,tablet
1732,530,2,2025-02-21,77,0.58,tablet
1733,104,12,2025-02-03,81,0.8,tablet
1734,327,12,2024-09-21,73,0.72,tablet
1735,412,10,2025-04-26,63,0.58,mobile
1736,119,3,2025-04-29,81,0.64,tablet
1737,344,6,2025-04-06,43,0.45,laptop
1738,435,1,2025-04-13,73,0.62,mobile
1739,265,1,2025-04-27,77,0.65,tablet
1740,41,4,2025-03-01,86,0.83,tablet
1741,379,5,2025-04-13,72,0.73,tablet
1742,25,3,2025-04-25,83,0.65,laptop
1743,18,2,2025-04-06,77,0.58,laptop
1744,115,3,2025-04-13,75,0.59,mobile
1745,180,7,2025-03-15,32,0.35,mobile
1746,506,1,2025-04-09,72,0.61,laptop
1747,250,15,2025-01-27,91,0.73,tablet
1748,40,1,2025-04-24,77,0.65,mobile
1749,81,4,2025-03-29,99,0.95,laptop
1750,264,4,2025-02-24,76,0.73,tablet
1751,585,15,2024-11-20,94,0.75,laptop
1752,250,9,2025-04-03,80,0.7,mobile
1753,448,3,2025-04-08,86,0.68,smart_tv
1754,409,2,2025-03-03,83,0.63,laptop
1755,20,2,2025-04-02,78,0.59,smart_tv
1756,326,2,2025-02-20,78,0.59,smart_tv
1757,227,2,2025-02-16,83,0.63,laptop
1758,472,11,2024-11-09,87,0.71,tablet
1759,399,9,2025-03-06,75,0.65,mobile
1760,456,3,2025-03-31,83,0.65,tablet
1761,546,13,2024-12-21,82,0.69,tablet
1762,586,2,2025-02-18,70,0.53,tablet
1763,213,8,2025-04-29,30,0.34,laptop
1764,463,3,2025-04-20,95,0.75,mobile
1765,361,1,2025-04-14,84,0.71,mobile
1766,503,11,2024-08-11,78,0.64,tablet
1767,127,15,2024-10-09,76,0.61,tablet
1768,585,2,2025-03-17,90,0.68,smart_tv
1769,411,13,2025-03-28,89,0.75,tablet
1770,286,3,2025-04-11,80,0.63,laptop
1771,326,9,2025-03-10,84,0.73,tablet
1772,476,2,2025-03-16,77,0.58,tablet
1773,410,1,2025-04-18,91,0.77,laptop
1774,101,11,2024-09-18,88,0.72,tablet
1775,30,15,2025-02-20,84,0.67,smart_tv
1776,83,1,2025-04-24,85,0.72,tablet
1777,256,15,2024-10-27,81,0.65,tablet
1778,24,10,2025-04-23,85,0.79,smart_tv
1779,378,13,2025-01-08,74,0.62,smart_tv
1780,205,5,2025-04-15,86,0.88,smart_tv
1781,212,3,2025-04-27,99,0.78,tablet
1782,455,5,2025-04-12,86,0.88,smart_tv
1783,114,15,2025-02-16,86,0.69,laptop
1784,251,13,2025-03-06,93,0.78,mobile
1785,417,1,2025-03-16,70,0.59,tablet
1786,267,1,2025-03-24,79,0.67,mobile
1787,547,10,2025-03-31,77,0.71,tablet
1788,300,5,2025-04-30,87,0.89,tablet
1789,41,12,2024-11-21,90,0.89,tablet
1790,451,10,2025-04-26,75,0.69,mobile
1791,594,1,2025-01-29,91,0.77,smart_tv
1792,146,3,2025-04-06,91,0.72,tablet
1793,76,2,2025-04-07,71,0.54,tablet
1794,351,11,2024-08-26,92,0.75,tablet
1795,265,3,2025-04-27,86,0.68,laptop
1796,152,9,2025-03-12,86,0.75,laptop
1797,578,1,2025-04-10,91,0.77,laptop
1798,313,15,2025-01-14,76,0.61,tablet
1799,132,10,2025-04-08,66,0.61,laptop
1800,234,13,2024-11-15,76,0.64,smart_tv
1801,13,9,2025-02-07,70,0.61,laptop
1802,530,11,2024-09-23,90,0.74,tablet
1803,353,9,2025-03-28,71,0.62,smart_tv
1804,536,9,2025-02-21,79,0.69,tablet
1805,174,13,2025-03-22,82,0.69,tablet
1806,15,2,2025-02-16,87,0.66,laptop
1807,154,2,2025-03-15,73,0.55,mobile
1808,471,9,2025-03-18,76,0.66,mobile
1809,537,13,2025-01-05,92,0.77,smart_tv
1810,102,3,2025-04-12,75,0.59,mobile
1811,551,2,2025-02-18,88,0.67,mobile
1812,251,4,2025-03-18,87,0.84,smart_tv
1813,251,10,2025-04-13,78,0.72,tablet
1814,273,2,2025-04-19,90,0.68,laptop
1815,66,1,2025-01-31,73,0.62,laptop
1816,600,1,2025-03-17,74,0.63,tablet
1817,53,1,2025-04-21,91,0.77,mobile
1818,86,2,2025-04-09,71,0.54,smart_tv
1819,499,1,2025-04-01,84,0.71,tablet
1820,454,13,2025-04-21,71,0.6,smart_tv
1821,468,9,2025-01-05,83,0.72,laptop
1822,505,11,2024-11-20,87,0.71,smart_tv
1823,291,3,2025-04-10,88,0.69,laptop
1824,282,13,2025-04-30,75,0.63,laptop
1825,187,9,2025-03-08,69,0.6,mobile
1826,482,3,2025-04-22,100,0.79,smart_tv
1827,312,2,2025-02-20,84,0.64,tablet
1828,188,3,2025-04-03,93,0.73,mobile
1829,514,11,2024-08-29,77,0.63,laptop
1830,308,11,2024-11-15,83,0.68,smart_tv
1831,161,8,2025-04-21,26,0.29,tablet
1832,161,11,2024-09-03,94,0.77,tablet
1833,276,9,2025-02-03,86,0.75,laptop
1834,311,5,2025-04-16,90,0.92,smart_tv
1835,323,3,2025-04-19,94,0.74,laptop
1836,428,4,2025-02-14,84,0.81,tablet
1837,144,1,2025-02-19,79,0.67,mobile
1838,263,12,2024-11-03,78,0.77,laptop
1839,392,1,2025-04-18,79,0.67,smart_tv
1840,451,12,2024-10-29,87,0.86,mobile
1841,492,1,2025-03-31,73,0.62,tablet
1842,400,15,2025-03-10,99,0.79,tablet
1843,385,2,2025-02-15,90,0.68,mobile
1844,551,1,2025-04-30,78,0.66,laptop
1845,76,1,2025-04-25,72,0.61,tablet
1846,307,12,2025-01-13,93,0.92,smart_tv
1847,336,8,2025-04-27,32,0.36,laptop
1848,23,8,2025-04-20,40,0.45,mobile
1849,322,13,2025-02-08,87,0.73,tablet
1850,329,11,2024-10-09,77,0.63,smart_tv
1851,266,5,2025-04-13,78,0.8,mobile
1852,438,1,2025-04-16,85,0.72,mobile
1853,525,12,2024-11-23,74,0.73,mobile
1854,517,8,2025-04-30,44,0.5,laptop
1855,589,11,2024-09-05,84,0.69,mobile
1856,572,11,2024-07-10,85,0.7,smart_tv
1857,90,12,2025-01-13,92,0.91,tablet
1858,75,9,2025-04-13,92,0.8,tablet
1859,156,12,2025-02-02,84,0.83,laptop
1860,348,1,2025-04-25,85,0.72,tablet
1861,301,13,2024-11-09,80,0.67,tablet
1862,438,1,2025-04-28,74,0.63,smart_tv
1863,546,9,2025-03-04,86,0.75,smart_tv
1864,364,11,2024-11-06,87,0.71,smart_tv
1865,316,2,2025-03-03,71,0.54,mobile
1866,41,1,2025-03-25,84,0.71,laptop
1867,323,15,2024-11-12,81,0.65,smart_tv
1868,278,2,2025-03-09,73,0.55,smart_tv
1869,451,11,2024-07-13,72,0.59,tablet
1870,214,1,2025-04-15,91,0.77,tablet
1871,390,4,2025-04-30,80,0.77,mobile
1872,593,1,2025-01-30,73,0.62,smart_tv
1873,501,11,2024-11-13,74,0.61,laptop
1874,196,11,2024-08-04,79,0.65,mobile
1875,262,12,2024-12-28,81,0.8,mobile
1876,390,15,2024-12-31,72,0.58,tablet
1877,370,15,2024-12-03,75,0.6,mobile
1878,308,4,2025-03-15,95,0.91,mobile
1879,483,9,2025-01-07,87,0.76,laptop
1880,47,11,2024-07-18,95,0.78,smart_tv
1881,532,2,2025-02-27,69,0.52,smart_tv
1882,63,10,2025-04-12,81,0.75,laptop
1883,162,3,2025-04-17,85,0.67,smart_tv
1884,156,2,2025-03-03,79,0.6,laptop
1885,167,13,2024-11-15,71,0.6,tablet
1886,383,2,2025-03-13,77,0.58,laptop
1887,30,1,2025-01-19,70,0.59,smart_tv
1888,387,14,2024-10-01,23,0.26,smart_tv
1889,229,1,2025-04-03,68,0.58,mobile
1890,426,15,2025-01-30,85,0.68,tablet
1891,1,1,2025-04-16,84,0.71,laptop
1892,375,1,2025-01-27,85,0.72,tablet
1893,585,5,2025-04-11,89,0.91,smart_tv
1894,147,2,2025-03-08,71,0.54,mobile
1895,290,11,2024-11-16,90,0.74,mobile
1896,309,2,2025-03-22,74,0.56,tablet
1897,592,10,2025-04-16,75,0.69,smart_tv
1898,149,3,2025-04-28,84,0.66,mobile
1899,50,11,2024-08-01,93,0.76,smart_tv
1900,244,1,2025-04-11,85,0.72,mobile
1901,353,8,2025-04-21,33,0.37,tablet
1902,270,4,2025-04-24,80,0.77,tablet
1903,527,1,2025-02-27,76,0.64,smart_tv
1904,500,2,2025-04-19,86,0.65,tablet
1905,351,9,2025-04-12,84,0.73,laptop
1906,27,1,2025-01-31,78,0.66,mobile
1907,114,2,2025-02-23,78,0.59,laptop
1908,464,1,2025-04-03,78,0.66,smart_tv
1909,524,4,2025-03-10,98,0.94,smart_tv
1910,18,13,2024-12-28,75,0.63,laptop
1911,577,6,2025-04-05,42,0.44,mobile
1912,236,12,2025-02-13,81,0.8,smart_tv
1913,170,3,2025-04-30,76,0.6,smart_tv
1914,156,13,2025-03-26,89,0.75,tablet
1915,411,13,2025-01-22,76,0.64,tablet
1916,488,14,2024-08-28,44,0.49,laptop
1917,1,1,2025-04-23,93,0.79,laptop
1918,69,2,2025-02-15,84,0.64,tablet
1919,165,1,2025-02-15,81,0.69,tablet
1920,401,11,2024-11-10,88,0.72,smart_tv
1921,232,2,2025-03-15,77,0.58,smart_tv
1922,600,13,2025-04-29,73,0.61,smart_tv
1923,283,2,2025-03-21,71,0.54,mobile
1924,537,9,2025-01-18,79,0.69,tablet
1925,128,2,2025-04-18,78,0.59,tablet
1926,350,1,2025-01-20,91,0.77,tablet
1927,478,13,2025-02-25,76,0.64,smart_tv
1928,499,13,2025-01-21,87,0.73,smart_tv
1929,372,6,2025-02-27,26,0.27,tablet
1930,432,13,2024-11-22,94,0.79,mobile
1931,283,13,2025-01-11,76,0.64,laptop
1932,366,4,2025-02-24,95,0.91,mobile
1933,249,1,2025-04-08,90,0.76,tablet
1934,500,10,2025-04-23,65,0.6,tablet
1935,101,1,2025-04-04,71,0.6,smart_tv
1936,432,3,2025-04-16,93,0.73,mobile
1937,472,3,2025-04-27,95,0.75,mobile
1938,443,15,2025-03-05,95,0.76,mobile
1939,337,2,2025-02-20,73,0.55,laptop
1940,468,15,2024-11-18,95,0.76,laptop
1941,255,12,2024-10-29,81,0.8,tablet
1942,270,11,2024-07-23,79,0.65,smart_tv
1943,330,8,2025-04-29,41,0.47,tablet
1944,177,11,2024-10-17,92,0.75,mobile
1945,234,3,2025-04-11,91,0.72,laptop
1946,416,1,2025-04-16,87,0.74,smart_tv
1947,498,11,2024-09-09,76,0.62,laptop
1948,164,12,2024-10-02,94,0.93,laptop
1949,318,1,2025-03-27,73,0.62,laptop
1950,408,11,2024-11-17,85,0.7,mobile
1951,415,2,2025-03-13,70,0.53,smart_tv
1952,407,10,2025-04-07,76,0.7,tablet
1953,301,1,2025-01-25,93,0.79,laptop
1954,42,15,2024-11-16,85,0.68,smart_tv
1955,507,10,2025-04-13,69,0.64,smart_tv
1956,222,2,2025-02-26,74,0.56,mobile
1957,495,3,2025-04-19,100,0.79,tablet
1958,197,8,2025-04-24,44,0.5,smart_tv
1959,590,13,2025-02-15,84,0.71,laptop
1960,270,10,2025-04-26,86,0.8,laptop
1961,241,3,2025-04-11,99,0.78,laptop
1962,330,1,2025-02-15,86,0.73,smart_tv
1963,520,1,2025-03-24,92,0.78,laptop
1964,234,1,2025-03-26,90,0.76,smart_tv
1965,55,5,2025-04-19,83,0.85,tablet
1966,176,5,2025-04-05,80,0.82,tablet
1967,356,8,2025-04-25,23,0.26,smart_tv
1968,283,1,2025-04-29,78,0.66,mobile
1969,137,10,2025-04-24,75,0.69,smart_tv
1970,312,9,2025-02-16,75,0.65,smart_tv
1971,417,8,2025-04-20,41,0.47,laptop
1972,55,13,2025-02-07,94,0.79,mobile
1973,66,11,2024-10-25,73,0.6,tablet
1974,255,11,2024-11-12,90,0.74,smart_tv
1975,507,12,2024-09-19,74,0.73,laptop
1976,588,1,2025-03-05,93,0.79,tablet
1977,352,3,2025-04-02,86,0.68,mobile
1978,441,3,2025-04-07,79,0.62,tablet
1979,206,1,2025-04-21,76,0.64,mobile
1980,537,3,2025-04-07,95,0.75,mobile
1981,571,13,2024-11-23,70,0.59,laptop
1982,542,1,2025-04-11,68,0.58,tablet
1983,582,3,2025-04-27,97,0.76,laptop
1984,194,13,2025-04-19,94,0.79,tablet
1985,354,2,2025-02-20,73,0.55,smart_tv
1986,452,9,2025-04-05,82,0.71,smart_tv
1987,456,6,2025-01-31,43,0.45,mobile
1988,124,15,2024-12-03,98,0.78,laptop
1989,531,1,2025-04-04,86,0.73,tablet
1990,346,2,2025-04-07,71,0.54,tablet
1991,568,11,2024-06-28,96,0.79,laptop
1992,503,2,2025-03-04,71,0.54,tablet
1993,492,1,2025-03-31,70,0.59,mobile
1994,329,13,2025-03-22,71,0.6,tablet
1995,290,11,2024-09-02,88,0.72,smart_tv
1996,437,4,2025-04-06,80,0.77,tablet
1997,504,3,2025-03-28,88,0.69,laptop
1998,314,8,2025-04-25,35,0.4,laptop
1999,541,11,2024-06-22,89,0.73,smart_tv
2000,585,15,2025-01-31,81,0.65,smart_tv
2001,548,9,2025-01-08,85,0.74,mobile
2002,361,15,2025-01-30,82,0.66,mobile
2003,445,12,2024-12-28,89,0.88,smart_tv
2004,46,6,2025-02-24,40,0.42,mobile
2005,227,5,2025-04-27,74,0.76,laptop
2006,212,1,2025-04-20,73,0.62,mobile
2007,120,1,2025-01-15,78,0.66,smart_tv
2008,339,9,2025-01-27,90,0.78,tablet
2009,412,12,2024-08-31,82,0.81,smart_tv
2010,265,1,2025-03-10,74,0.63,laptop
2011,280,2,2025-04-01,87,0.66,mobile
2012,285,4,2025-03-10,85,0.82,tablet
2013,405,2,2025-02-13,69,0.52,tablet
2014,73,1,2025-01-29,86,0.73,smart_tv
2015,188,14,2024-09-15,33,0.37,laptop
2016,408,2,2025-03-16,84,0.64,laptop
2017,112,2,2025-02-23,81,0.61,tablet
2018,89,12,2025-01-09,93,0.92,tablet
2019,37,2,2025-04-09,79,0.6,tablet
2020,398,1,2025-04-25,74,0.63,mobile
2021,449,2,2025-02-26,82,0.62,tablet
2022,516,9,2025-04-13,68,0.59,smart_tv
2023,45,11,2024-11-04,90,0.74,mobile
2024,257,15,2024-10-29,82,0.66,laptop
2025,58,5,2025-04-17,91,0.93,tablet
2026,66,1,2025-04-21,76,0.64,smart_tv
2027,26,3,2025-04-19,94,0.74,mobile
2028,295,13,2025-03-30,84,0.71,smart_tv
2029,59,1,2025-04-03,93,0.79,tablet
2030,174,6,2025-04-30,24,0.25,laptop
2031,107,3,2025-04-05,77,0.61,mobile
2032,397,3,2025-04-27,89,0.7,mobile
2033,37,13,2025-04-01,89,0.75,mobile
2034,488,1,2025-03-05,90,0.76,laptop
2035,244,10,2025-04-30,72,0.67,laptop
2036,466,3,2025-04-21,102,0.8,smart_tv
2037,230,4,2025-03-04,96,0.92,laptop
2038,398,9,2025-02-06,71,0.62,smart_tv
2039,308,3,2025-03-31,74,0.58,mobile
2040,555,5,2025-04-12,86,0.88,tablet
2041,214,1,2025-03-09,85,0.72,tablet
2042,398,5,2025-04-19,80,0.82,laptop
2043,137,3,2025-04-24,93,0.73,smart_tv
2044,583,2,2025-03-04,83,0.63,laptop
2045,419,14,2024-08-04,35,0.39,laptop
2046,112,2,2025-04-18,71,0.54,tablet
2047,423,3,2025-03-25,97,0.76,smart_tv
2048,161,2,2025-03-29,81,0.61,tablet
2049,212,2,2025-03-29,78,0.59,smart_tv
2050,577,2,2025-02-27,84,0.64,tablet
2051,155,9,2025-02-26,87,0.76,laptop
2052,134,5,2025-04-29,90,0.92,tablet
2053,544,3,2025-03-24,100,0.79,mobile
2054,9,11,2024-06-25,73,0.6,laptop
2055,366,13,2024-12-29,77,0.65,smart_tv
2056,68,15,2024-12-16,81,0.65,laptop
2057,487,9,2025-02-17,87,0.76,smart_tv
2058,576,2,2025-02-28,71,0.54,smart_tv
2059,420,1,2025-04-18,72,0.61,tablet
2060,256,10,2025-04-06,69,0.64,smart_tv
2061,41,14,2024-06-04,24,0.27,tablet
2062,21,5,2025-04-23,81,0.83,laptop
2063,187,15,2025-01-07,89,0.71,mobile
2064,581,15,2024-12-12,99,0.79,laptop
2065,71,15,2024-10-30,98,0.78,smart_tv
2066,154,9,2025-01-19,84,0.73,smart_tv
2067,86,15,2024-12-14,81,0.65,tablet
2068,428,1,2025-03-02,92,0.78,laptop
2069,533,2,2025-02-11,74,0.56,tablet
2070,245,3,2025-04-10,79,0.62,laptop
2071,42,4,2025-03-20,85,0.82,tablet
2072,33,9,2025-01-21,75,0.65,mobile
2073,390,11,2024-08-02,71,0.58,tablet
2074,277,3,2025-04-15,75,0.59,laptop
2075,435,3,2025-04-17,88,0.69,laptop
2076,268,1,2025-04-16,78,0.66,laptop
2077,87,2,2025-03-20,88,0.67,mobile
2078,110,1,2025-04-06,72,0.61,laptop
2079,243,1,2025-01-24,84,0.71,mobile
2080,350,11,2024-11-17,90,0.74,mobile
2081,472,1,2025-02-26,85,0.72,mobile
2082,143,9,2025-01-30,68,0.59,mobile
2083,94,2,2025-02-08,83,0.63,tablet
2084,52,12,2024-09-09,78,0.77,tablet
2085,488,3,2025-04-03,89,0.7,tablet
2086,295,9,2025-04-08,71,0.62,mobile
2087,82,4,2025-03-08,87,0.84,smart_tv
2088,590,2,2025-03-04,87,0.66,mobile
2089,192,10,2025-04-19,65,0.6,smart_tv
2090,304,1,2025-03-20,85,0.72,laptop
2091,354,2,2025-03-10,74,0.56,mobile
2092,258,9,2025-02-10,91,0.79,smart_tv
2093,353,1,2025-01-22,70,0.59,tablet
2094,457,1,2025-04-24,88,0.75,mobile
2095,371,3,2025-04-29,95,0.75,mobile
2096,327,8,2025-04-25,38,0.43,laptop
2097,512,11,2024-08-27,84,0.69,tablet
2098,195,3,2025-04-05,102,0.8,smart_tv
2099,477,1,2025-02-25,78,0.66,tablet
2100,464,5,2025-04-09,91,0.93,smart_tv
2101,26,11,2024-07-17,81,0.66,laptop
2102,153,3,2025-04-16,98,0.77,laptop
2103,177,1,2025-04-06,88,0.75,smart_tv
2104,154,1,2025-04-07,79,0.67,mobile
2105,563,5,2025-04-13,74,0.76,smart_tv
2106,512,2,2025-04-04,82,0.62,tablet
2107,62,15,2024-12-14,78,0.62,mobile
2108,489,1,2025-02-02,77,0.65,smart_tv
2109,222,6,2025-03-22,35,0.37,tablet
2110,163,1,2025-04-10,77,0.65,tablet
2111,543,9,2025-02-10,82,0.71,laptop
2112,132,11,2024-09-14,93,0.76,tablet
2113,428,1,2025-04-11,80,0.68,smart_tv
2114,488,14,2024-07-11,43,0.48,laptop
2115,200,9,2025-04-30,75,0.65,smart_tv
2116,587,15,2024-11-12,94,0.75,smart_tv
2117,577,12,2024-12-18,79,0.78,mobile
2118,394,3,2025-03-31,98,0.77,laptop
2119,273,1,2025-04-13,81,0.69,smart_tv
2120,147,12,2024-11-21,79,0.78,mobile
2121,4,5,2025-04-15,75,0.77,laptop
2122,150,12,2024-10-28,84,0.83,laptop
2123,550,5,2025-04-11,77,0.79,smart_tv
2124,124,15,2024-11-29,89,0.71,mobile
2125,517,11,2024-08-23,76,0.62,smart_tv
2126,12,11,2024-08-27,82,0.67,laptop
2127,30,2,2025-04-02,75,0.57,mobile
2128,152,3,2025-04-19,95,0.75,tablet
2129,322,8,2025-04-19,35,0.4,laptop
2130,465,5,2025-04-14,75,0.77,smart_tv
2131,18,9,2025-01-20,75,0.65,mobile
2132,378,13,2024-12-14,83,0.7,laptop
2133,27,12,2025-01-27,82,0.81,tablet
2134,335,9,2025-03-24,77,0.67,mobile
2135,583,9,2025-01-10,75,0.65,mobile
2136,509,11,2024-06-28,90,0.74,mobile
2137,168,1,2025-02-14,71,0.6,mobile
2138,347,11,2024-07-02,96,0.79,tablet
2139,411,3,2025-04-25,76,0.6,mobile
2140,406,6,2025-04-26,39,0.41,smart_tv
2141,213,7,2025-04-07,25,0.27,smart_tv
2142,268,1,2025-04-02,92,0.78,mobile
2143,231,1,2025-04-02,91,0.77,smart_tv
2144,141,11,2024-10-18,96,0.79,laptop
2145,406,3,2025-03-23,95,0.75,laptop
2146,425,5,2025-04-22,85,0.87,mobile
2147,214,1,2025-04-16,84,0.71,mobile
2148,377,3,2025-04-23,76,0.6,smart_tv
2149,8,4,2025-03-22,79,0.76,laptop
2150,164,8,2025-04-21,33,0.38,laptop
2151,267,3,2025-04-16,83,0.65,mobile
2152,457,9,2025-03-23,78,0.68,tablet
2153,397,2,2025-02-21,71,0.54,smart_tv
2154,306,2,2025-03-07,81,0.61,laptop
2155,236,3,2025-04-27,75,0.59,laptop
2156,13,2,2025-03-07,69,0.52,smart_tv
2157,398,13,2025-01-30,75,0.63,tablet
2158,170,15,2025-01-18,89,0.71,tablet
2159,255,8,2025-04-19,28,0.32,mobile
2160,52,13,2024-11-10,92,0.77,laptop
2161,391,15,2025-02-07,81,0.65,smart_tv
2162,196,1,2025-03-03,78,0.66,mobile
2163,305,2,2025-02-12,82,0.62,mobile
2164,210,3,2025-03-29,81,0.64,mobile
2165,179,13,2024-11-11,94,0.79,mobile
2166,594,1,2025-02-18,74,0.63,laptop
2167,65,1,2025-02-03,83,0.7,smart_tv
2168,31,1,2025-04-14,86,0.73,tablet
2169,591,4,2025-02-19,98,0.94,mobile
2170,289,15,2025-01-15,96,0.77,smart_tv
2171,279,12,2024-10-07,74,0.73,smart_tv
2172,46,10,2025-04-26,82,0.76,tablet
2173,49,12,2024-11-01,89,0.88,laptop
2174,484,1,2025-04-12,78,0.66,laptop
2175,329,11,2024-11-22,85,0.7,laptop
2176,382,4,2025-04-14,88,0.85,laptop
2177,507,11,2024-12-01,74,0.61,tablet
2178,260,3,2025-03-30,85,0.67,laptop
2179,462,15,2025-01-31,90,0.72,smart_tv
2180,149,13,2025-04-10,79,0.66,laptop
2181,164,7,2025-04-30,42,0.46,smart_tv
2182,406,15,2024-10-05,94,0.75,tablet
2183,558,13,2024-11-18,95,0.8,mobile
2184,564,9,2025-03-31,74,0.64,smart_tv
2185,343,11,2024-10-15,89,0.73,mobile
2186,383,3,2025-04-26,97,0.76,tablet
2187,225,6,2025-04-11,43,0.45,laptop
2188,109,11,2024-08-08,89,0.73,tablet
2189,193,1,2025-03-20,86,0.73,mobile
2190,314,5,2025-04-12,91,0.93,tablet
2191,99,3,2025-04-03,80,0.63,mobile
2192,213,1,2025-04-25,77,0.65,mobile
2193,122,1,2025-04-12,80,0.68,tablet
2194,352,1,2025-04-07,84,0.71,laptop
2195,490,4,2025-04-30,89,0.86,mobile
2196,512,10,2025-04-19,85,0.79,laptop
2197,393,1,2025-01-27,86,0.73,tablet
2198,360,10,2025-04-30,78,0.72,mobile
2199,89,3,2025-04-21,100,0.79,laptop
2200,97,7,2025-04-08,25,0.27,tablet
2201,481,11,2024-06-20,77,0.63,laptop
2202,463,3,2025-04-04,95,0.75,tablet
2203,29,1,2025-03-12,86,0.73,mobile
2204,579,6,2025-03-18,35,0.37,mobile
2205,530,2,2025-04-11,71,0.54,smart_tv
2206,167,14,2024-05-11,29,0.32,laptop
2207,159,9,2025-04-22,77,0.67,mobile
2208,6,2,2025-03-29,79,0.6,smart_tv
2209,188,11,2024-08-08,72,0.59,laptop
2210,506,13,2025-01-05,84,0.71,tablet
2211,119,12,2024-09-14,95,0.94,smart_tv
2212,577,1,2025-04-16,87,0.74,laptop
2213,538,12,2025-02-13,83,0.82,laptop
2214,486,9,2025-01-09,69,0.6,laptop
2215,69,4,2025-02-22,92,0.88,mobile
2216,367,2,2025-04-09,88,0.67,tablet
2217,141,6,2025-02-12,29,0.31,mobile
2218,202,1,2025-04-18,84,0.71,laptop
2219,190,8,2025-04-27,33,0.37,tablet
2220,208,1,2025-04-05,70,0.59,tablet
2221,13,1,2025-04-22,70,0.59,laptop
2222,141,9,2025-02-14,67,0.58,smart_tv
2223,194,13,2025-04-26,90,0.76,tablet
2224,177,5,2025-04-17,75,0.77,mobile
2225,523,1,2025-04-25,72,0.61,mobile
2226,75,5,2025-04-23,93,0.95,smart_tv
2227,371,2,2025-03-08,84,0.64,laptop
2228,44,4,2025-03-27,93,0.89,tablet
2229,383,1,2025-04-20,86,0.73,smart_tv
2230,522,11,2024-09-24,74,0.61,smart_tv
2231,510,2,2025-02-17,79,0.6,tablet
2232,576,9,2025-01-15,77,0.67,smart_tv
2233,285,11,2024-09-20,72,0.59,laptop
2234,350,5,2025-04-14,89,0.91,laptop
2235,482,15,2025-01-23,96,0.77,tablet
2236,574,4,2025-04-28,96,0.92,smart_tv
2237,502,5,2025-04-15,73,0.74,mobile
2238,278,2,2025-03-16,74,0.56,smart_tv
2239,246,3,2025-04-27,99,0.78,smart_tv
2240,344,3,2025-04-24,83,0.65,tablet
2241,193,2,2025-04-27,82,0.62,smart_tv
2242,195,12,2025-02-11,89,0.88,laptop
2243,210,10,2025-04-28,76,0.7,smart_tv
2244,299,1,2025-02-10,87,0.74,laptop
2245,509,2,2025-03-27,82,0.62,smart_tv
2246,582,4,2025-04-13,92,0.88,laptop
2247,259,1,2025-04-13,84,0.71,tablet
2248,261,1,2025-03-14,73,0.62,laptop
2249,273,6,2025-02-03,34,0.36,tablet
2250,111,9,2025-03-06,79,0.69,tablet
2251,186,4,2025-03-01,78,0.75,laptop
2252,43,11,2024-06-29,98,0.8,laptop
2253,131,1,2025-03-10,83,0.7,smart_tv
2254,62,1,2025-04-11,86,0.73,laptop
2255,226,2,2025-04-28,74,0.56,laptop
2256,243,15,2024-10-23,82,0.66,mobile
2257,226,7,2025-03-20,30,0.33,tablet
2258,165,2,2025-02-19,82,0.62,laptop
2259,253,12,2024-12-02,76,0.75,smart_tv
2260,178,2,2025-03-08,82,0.62,laptop
2261,316,1,2025-04-28,74,0.63,tablet
2262,84,4,2025-04-07,80,0.77,tablet
2263,394,4,2025-04-03,93,0.89,mobile
2264,504,7,2025-04-06,29,0.32,laptop
2265,398,3,2025-04-19,88,0.69,smart_tv
2266,387,3,2025-04-01,93,0.73,tablet
2267,415,2,2025-03-15,75,0.57,smart_tv
2268,389,10,2025-04-29,84,0.78,mobile
2269,67,10,2025-04-27,76,0.7,mobile
2270,391,4,2025-02-16,83,0.8,tablet
2271,435,4,2025-02-25,85,0.82,tablet
2272,376,2,2025-03-13,74,0.56,tablet
2273,600,1,2025-03-23,74,0.63,smart_tv
2274,374,13,2024-11-20,95,0.8,smart_tv
2275,95,1,2025-03-26,92,0.78,mobile
2276,262,2,2025-04-06,79,0.6,smart_tv
2277,286,3,2025-04-02,98,0.77,smart_tv
2278,69,4,2025-03-15,79,0.76,mobile
2279,181,9,2025-02-10,82,0.71,tablet
2280,242,15,2024-09-19,98,0.78,smart_tv
2281,104,9,2025-02-08,69,0.6,smart_tv
2282,567,7,2025-04-27,40,0.44,laptop
2283,192,11,2024-08-13,74,0.61,mobile
2284,279,3,2025-04-23,79,0.62,mobile
2285,404,6,2025-02-14,45,0.47,smart_tv
2286,136,1,2025-04-20,72,0.61,laptop
2287,252,9,2025-03-04,74,0.64,smart_tv
2288,166,10,2025-04-01,80,0.74,mobile
2289,295,15,2025-01-10,76,0.61,tablet
2290,555,10,2025-04-24,72,0.67,tablet
2291,363,15,2025-02-17,99,0.79,tablet
2292,418,11,2024-07-24,85,0.7,tablet
2293,76,1,2025-04-12,70,0.59,laptop
2294,392,1,2025-04-12,92,0.78,mobile
2295,17,3,2025-04-04,79,0.62,tablet
2296,461,11,2024-11-10,92,0.75,smart_tv
2297,251,9,2025-01-23,75,0.65,mobile
2298,259,14,2024-09-02,43,0.48,tablet
2299,210,5,2025-04-19,81,0.83,smart_tv
2300,150,4,2025-02-26,76,0.73,laptop
2301,396,3,2025-04-18,84,0.66,mobile
2302,525,9,2025-03-16,76,0.66,tablet
2303,491,1,2025-04-11,94,0.8,smart_tv
2304,12,3,2025-03-28,88,0.69,smart_tv
2305,62,11,2024-06-18,85,0.7,smart_tv
2306,460,9,2025-02-25,76,0.66,laptop
2307,335,12,2024-10-31,84,0.83,laptop
2308,127,1,2025-03-18,81,0.69,tablet
2309,562,11,2024-11-03,72,0.59,mobile
2310,387,15,2024-12-08,76,0.61,tablet
2311,148,11,2024-07-18,88,0.72,smart_tv
2312,404,1,2025-04-02,78,0.66,laptop
2313,429,1,2025-04-14,72,0.61,smart_tv
2314,216,4,2025-02-14,88,0.85,mobile
2315,495,1,2025-02-12,70,0.59,tablet
2316,506,14,2024-05-30,26,0.29,mobile
2317,351,10,2025-04-22,82,0.76,tablet
2318,572,15,2025-02-02,80,0.64,laptop
2319,160,9,2025-03-31,75,0.65,laptop
2320,252,12,2024-10-16,91,0.9,mobile
2321,522,4,2025-03-24,81,0.78,tablet
2322,53,15,2025-02-13,100,0.8,laptop
2323,152,12,2025-01-09,79,0.78,smart_tv
2324,255,13,2025-03-06,75,0.63,smart_tv
2325,518,15,2024-12-16,91,0.73,tablet
2326,340,11,2024-08-27,82,0.67,mobile
2327,68,2,2025-03-20,82,0.62,mobile
2328,158,4,2025-04-08,95,0.91,tablet
2329,380,15,2024-10-15,81,0.65,laptop
2330,504,2,2025-03-30,87,0.66,smart_tv
2331,294,4,2025-03-17,96,0.92,smart_tv
2332,386,3,2025-03-27,90,0.71,mobile
2333,9,1,2025-04-14,90,0.76,tablet
2334,156,13,2024-11-21,94,0.79,mobile
2335,299,5,2025-04-16,72,0.73,laptop
2336,170,10,2025-04-18,65,0.6,laptop
2337,85,1,2025-01-15,94,0.8,smart_tv
2338,503,11,2024-07-09,95,0.78,laptop
2339,539,9,2025-01-14,83,0.72,laptop
2340,267,1,2025-04-25,80,0.68,mobile
2341,291,5,2025-04-06,75,0.77,tablet
2342,485,13,2025-03-03,87,0.73,laptop
2343,411,15,2024-12-31,81,0.65,smart_tv
2344,335,12,2024-10-12,92,0.91,smart_tv
2345,38,5,2025-04-07,86,0.88,mobile
2346,111,9,2025-03-03,70,0.61,smart_tv
2347,341,1,2025-03-30,71,0.6,smart_tv
2348,126,11,2024-11-23,83,0.68,laptop
2349,485,15,2025-03-01,79,0.63,mobile
2350,354,3,2025-03-26,85,0.67,mobile
2351,259,1,2025-04-27,91,0.77,tablet
2352,332,5,2025-04-19,92,0.94,smart_tv
2353,433,12,2025-02-04,90,0.89,laptop
2354,189,15,2024-09-16,94,0.75,smart_tv
2355,499,15,2024-12-09,84,0.67,smart_tv
2356,526,1,2025-02-19,72,0.61,smart_tv
2357,10,11,2024-11-20,82,0.67,laptop
2358,382,10,2025-04-20,82,0.76,mobile
2359,514,1,2025-04-05,88,0.75,laptop
2360,518,10,2025-04-16,83,0.77,tablet
2361,202,13,2025-02-27,95,0.8,mobile
2362,561,5,2025-04-14,87,0.89,tablet
2363,418,1,2025-04-26,77,0.65,mobile
2364,475,5,2025-04-24,90,0.92,smart_tv
2365,229,15,2025-01-08,95,0.76,laptop
2366,40,3,2025-04-05,91,0.72,laptop
2367,235,4,2025-02-19,75,0.72,smart_tv
2368,407,15,2024-09-15,85,0.68,tablet
2369,281,1,2025-04-29,71,0.6,tablet
2370,314,1,2025-01-21,91,0.77,tablet
2371,566,15,2024-11-27,79,0.63,mobile
2372,399,13,2025-03-31,93,0.78,laptop
2373,15,2,2025-04-03,82,0.62,mobile
2374,492,3,2025-03-23,80,0.63,mobile
2375,265,1,2025-04-10,87,0.74,laptop
2376,209,4,2025-03-06,97,0.93,laptop
2377,317,1,2025-03-26,92,0.78,mobile
2378,125,1,2025-01-15,72,0.61,smart_tv
2379,277,1,2025-01-29,88,0.75,tablet
2380,548,3,2025-04-20,88,0.69,mobile
2381,86,5,2025-04-16,84,0.86,mobile
2382,194,3,2025-04-25,85,0.67,laptop
2383,89,11,2024-06-28,95,0.78,smart_tv
2384,548,1,2025-04-30,73,0.62,laptop
2385,443,1,2025-04-17,91,0.77,tablet
2386,496,2,2025-04-24,73,0.55,mobile
2387,507,15,2025-02-04,92,0.74,tablet
2388,204,4,2025-02-19,90,0.87,mobile
2389,364,4,2025-02-16,75,0.72,laptop
2390,8,9,2025-02-14,77,0.67,tablet
2391,534,1,2025-04-04,91,0.77,smart_tv
2392,565,5,2025-04-28,83,0.85,laptop
2393,325,1,2025-04-18,90,0.76,tablet
2394,57,3,2025-04-10,98,0.77,smart_tv
2395,157,10,2025-04-16,82,0.76,laptop
2396,544,13,2025-02-09,95,0.8,mobile
2397,417,5,2025-04-05,87,0.89,mobile
2398,96,15,2024-10-20,81,0.65,mobile
2399,271,3,2025-04-12,76,0.6,laptop
2400,218,13,2025-04-06,74,0.62,mobile
2401,564,2,2025-04-18,74,0.56,mobile
2402,592,12,2025-02-12,86,0.85,laptop
2403,103,14,2024-08-12,37,0.41,mobile
2404,96,3,2025-04-12,98,0.77,laptop
2405,97,11,2024-11-09,74,0.61,mobile
2406,481,1,2025-03-07,80,0.68,mobile
2407,575,2,2025-03-11,81,0.61,mobile
2408,583,3,2025-03-28,79,0.62,mobile
2409,130,5,2025-04-10,87,0.89,smart_tv
2410,536,15,2024-11-23,72,0.58,smart_tv
2411,441,5,2025-04-11,75,0.77,tablet
2412,353,2,2025-02-25,79,0.6,tablet
2413,593,15,2024-11-27,84,0.67,laptop
2414,128,2,2025-04-02,87,0.66,laptop
2415,118,9,2025-02-25,79,0.69,smart_tv
2416,591,11,2024-07-29,89,0.73,mobile
2417,42,15,2024-11-13,79,0.63,smart_tv
2418,405,11,2024-07-16,90,0.74,smart_tv
2419,3,2,2025-03-06,71,0.54,mobile
2420,110,12,2024-11-15,73,0.72,smart_tv
2421,127,4,2025-04-02,78,0.75,laptop
2422,532,15,2025-03-08,82,0.66,laptop
2423,150,4,2025-03-12,80,0.77,tablet
2424,249,3,2025-04-22,98,0.77,tablet
2425,259,15,2024-09-15,85,0.68,tablet
2426,62,5,2025-04-28,72,0.73,tablet
2427,114,6,2025-03-05,28,0.3,smart_tv
2428,15,2,2025-04-09,73,0.55,mobile
2429,230,9,2025-03-03,76,0.66,smart_tv
2430,489,10,2025-04-23,69,0.64,laptop
2431,137,1,2025-04-08,74,0.63,tablet
2432,565,4,2025-04-20,99,0.95,smart_tv
2433,535,1,2025-04-04,87,0.74,laptop
2434,318,13,2025-02-19,82,0.69,mobile
2435,110,1,2025-04-10,93,0.79,laptop
2436,570,12,2025-01-24,90,0.89,smart_tv
2437,4,9,2025-01-24,92,0.8,mobile
2438,568,3,2025-04-17,93,0.73,laptop
2439,112,1,2025-03-10,73,0.62,laptop
2440,205,10,2025-04-24,69,0.64,laptop
2441,201,1,2025-02-25,80,0.68,mobile
2442,247,13,2025-03-24,79,0.66,laptop
2443,576,5,2025-04-05,80,0.82,mobile
2444,237,1,2025-04-02,92,0.78,smart_tv
2445,75,5,2025-04-08,82,0.84,tablet
2446,220,11,2024-08-06,77,0.63,laptop
2447,419,1,2025-04-09,76,0.64,tablet
2448,243,13,2025-04-13,71,0.6,mobile
2449,550,1,2025-02-14,76,0.64,mobile
2450,172,5,2025-04-26,76,0.78,mobile
2451,222,15,2024-12-29,86,0.69,laptop
2452,235,1,2025-02-19,81,0.69,mobile
2453,366,4,2025-04-12,83,0.8,smart_tv
2454,586,1,2025-04-09,71,0.6,smart_tv
2455,47,2,2025-03-02,73,0.55,smart_tv
2456,303,12,2024-12-15,78,0.77,mobile
2457,138,9,2025-01-09,72,0.63,mobile
2458,376,11,2024-11-19,90,0.74,laptop
2459,65,12,2024-09-29,83,0.82,tablet
2460,36,3,2025-04-25,79,0.62,smart_tv
2461,112,10,2025-04-04,84,0.78,smart_tv
2462,112,2,2025-04-04,71,0.54,smart_tv
2463,533,10,2025-04-20,67,0.62,tablet
2464,546,1,2025-02-11,94,0.8,tablet
2465,456,4,2025-03-21,89,0.86,laptop
2466,21,2,2025-03-05,73,0.55,tablet
2467,477,3,2025-03-27,95,0.75,mobile
2468,56,12,2024-10-17,76,0.75,mobile
2469,595,8,2025-04-29,31,0.35,smart_tv
2470,238,1,2025-02-14,73,0.62,mobile
2471,76,6,2025-02-27,38,0.4,mobile
2472,266,3,2025-04-07,89,0.7,laptop
2473,46,7,2025-04-06,42,0.46,tablet
2474,226,13,2025-04-19,75,0.63,mobile
2475,74,6,2025-03-23,39,0.41,mobile
2476,169,11,2024-12-03,79,0.65,laptop
2477,34,15,2024-09-17,81,0.65,mobile
2478,32,11,2024-07-03,89,0.73,laptop
2479,600,2,2025-02-18,84,0.64,mobile
2480,101,10,2025-04-27,75,0.69,laptop
2481,27,1,2025-03-01,85,0.72,laptop
2482,517,3,2025-04-09,77,0.61,laptop
2483,152,2,2025-04-25,70,0.53,tablet
2484,79,2,2025-02-27,79,0.6,smart_tv
2485,44,12,2024-11-08,80,0.79,tablet
2486,479,5,2025-04-05,82,0.84,mobile
2487,268,9,2025-04-28,67,0.58,smart_tv
2488,91,3,2025-04-14,91,0.72,laptop
2489,577,7,2025-03-17,32,0.35,smart_tv
2490,524,4,2025-03-15,94,0.9,laptop
2491,318,3,2025-04-01,75,0.59,tablet
2492,41,11,2024-11-19,85,0.7,tablet
2493,421,1,2025-03-27,74,0.63,tablet
2494,18,9,2025-04-13,86,0.75,smart_tv
2495,49,1,2025-03-06,70,0.59,laptop
2496,570,12,2025-01-02,76,0.75,mobile
2497,182,2,2025-04-19,84,0.64,tablet
2498,529,5,2025-04-11,91,0.93,tablet
2499,66,10,2025-04-24,67,0.62,laptop
2500,145,2,2025-03-31,83,0.63,laptop
